id,first_name,last_name,email,car_make,car_model,car_year,car_price
1,Arko,Avarsalu,arko@microsoft.com,Zaprozets,"Chiron Super Sport",2024,11631427.0
2,Marko,Mavarsalu,marko@microsoft.com,Nissan,Maxima,2024,111427.0
3,Narko,Narvasalu,narko@microsoft.com,Mazda,Miata MX-5,2005,512451251.0
4,Albrecht,McGettigan,amcgettigan3@hud.gov,Dodge,Stealth,1996,59131.0
5,Tibold,Fante,tfante4@free.fr,"Land Rover","Range Rover",2009,17991.0
7,Ruy,Senn,rsenn6@joomla.org,Ford,Expedition,2008,51981.0
8,Clair,Scoyles,cscoyles7@princeton.edu,Hyundai,Tiburon,2001,4607.0
9,Franklin,Guisby,fguisby8@histats.com,Suzuki,Verona,2006,669.0
10,Dyanna,Colby,dcolby9@weebly.com,Volkswagen,"New Beetle",1998,13132.0
11,Gavin,Setterington,gsetteringtona@sun.com,Volkswagen,GTI,2004,43035.0
12,Magdalen,Bortolotti,mbortolottib@google.com,Chevrolet,TrailBlazer,2007,55114.0
13,Ursa,Veeler,uveelerc@dell.com,Mazda,"Miata MX-5",1996,33370.0
14,Cindi,Lemar,clemard@techcrunch.com,GMC,"Sierra 1500",1999,52474.0
15,Helen,Carp,hcarpe@nasa.gov,Dodge,"Ram 2500",2010,3147.0
16,Damara,Izzat,dizzatf@state.gov,Pontiac,Montana,2006,43160.0
17,Derron,Peplow,dpeplowg@taobao.com,Honda,"Civic Si",2006,4831.0
18,Malinde,Cremen,mcremenh@bloglovin.com,Mercury,Sable,1998,631.0
19,Agnola,Cansfield,acansfieldi@slideshare.net,Cadillac,STS,2010,4931.0
20,Leodora,MacNeely,lmacneelyj@engadget.com,Isuzu,Oasis,1999,6806.0
21,Alicea,Corkan,acorkank@mlb.com,Chevrolet,Malibu,2003,36588.0
22,Araldo,Buffin,abuffinl@cdc.gov,Toyota,TundraMax,2007,55051.0
23,Dorian,Laurenty,dlaurentym@webeden.co.uk,Chevrolet,Tracker,2004,2241.0
24,Alva,Klishin,aklishinn@unesco.org,Chevrolet,HHR,2009,44999.0
25,Bev,Talloe,btalloeo@yale.edu,Saturn,Ion,2003,59948.0
26,Isidore,Gallard,igallardp@discuz.net,Chevrolet,2500,1997,32727.0
27,Diarmid,Farington,dfaringtonq@techcrunch.com,Hyundai,Sonata,2011,8860.0
28,Mollee,Cough,mcoughr@t-online.de,Cadillac,"Escalade ESV",2007,42989.0
29,Cherrita,Kilfeather,ckilfeathers@bloomberg.com,Pontiac,G6,2005,18769.0
30,Moise,Gillicuddy,mgillicuddyt@umich.edu,Honda,Insight,2000,13767.0
31,Ardelle,Soitoux,asoitouxu@spotify.com,Audi,A4,2007,48894.0
32,Gerick,Climson,gclimsonv@ucla.edu,Volkswagen,Cabriolet,1993,3329.0
33,Andre,Skelding,askeldingw@cmu.edu,Honda,CR-V,2004,39391.0
34,Jessalyn,Rennox,jrennoxx@google.pl,Hyundai,Accent,2001,45849.0
35,Foss,Midden,fmiddeny@webnode.com,Chevrolet,Impala,2007,10218.0
36,Ursola,Cansdale,ucansdalez@boston.com,Ford,F150,2008,9236.0
37,Ky,Sandeford,ksandeford10@nhs.uk,Lexus,LS,1999,58187.0
38,Lutero,Betser,lbetser11@nytimes.com,Mercedes-Benz,"SLR McLaren",2005,59521.0
39,Damian,Friedman,dfriedman12@google.ru,Ford,Focus,2004,14176.0
40,Aksel,Quarless,aquarless13@lulu.com,Subaru,SVX,1992,50460.0
41,Benetta,Corey,bcorey14@psu.edu,Hyundai,Elantra,2010,32716.0
42,Zea,Keeltagh,zkeeltagh15@github.io,Audi,S6,2003,58740.0
43,Care,Seabrook,cseabrook16@buzzfeed.com,Acura,RSX,2006,38173.0
44,Neil,Kubala,nkubala17@reuters.com,Chevrolet,Cavalier,2000,58145.0
45,Wilmar,Gorsse,wgorsse18@virginia.edu,Toyota,Camry,2000,16534.0
46,Felipa,Fairfoot,ffairfoot19@upenn.edu,"Aston Martin",Rapide,2012,30695.0
47,Yelena,Kearton,ykearton1a@xinhuanet.com,Mitsubishi,Chariot,1996,51160.0
48,Jenifer,Mapes,jmapes1b@prlog.org,Mitsubishi,Diamante,1994,24847.0
49,Geraldine,MacAiline,gmacailine1c@gizmodo.com,Mercedes-Benz,S-Class,2011,52135.0
50,Rozele,Kindread,rkindread1d@shareasale.com,Nissan,240SX,1998,24456.0
51,Maud,Cussins,mcussins1e@amazon.com,Chevrolet,Tahoe,2000,49677.0
52,Giff,Couthard,gcouthard1f@mediafire.com,Suzuki,XL7,2007,2327.0
53,Noella,Neave,nneave1g@google.cn,Dodge,Viper,2006,58283.0
54,Bertie,Parlour,bparlour1h@wordpress.com,Nissan,Pathfinder,2004,18690.0
55,Johnath,Epinay,jepinay1i@amazon.com,Chrysler,"PT Cruiser",2010,22570.0
56,Vi,Nicely,vnicely1j@diigo.com,Ford,"Escort ZX2",2003,38101.0
57,Carce,Durman,cdurman1k@drupal.org,Mazda,"Miata MX-5",2012,19291.0
58,Jodee,Rassmann,jrassmann1l@tinypic.com,Ford,E150,2012,59660.0
59,Sayers,Redmille,sredmille1m@xrea.com,BMW,745,2002,25699.0
60,Daffy,Gopsell,dgopsell1n@microsoft.com,Plymouth,Colt,1994,12774.0
61,Merna,Deniscke,mdeniscke1o@skyrock.com,Buick,Enclave,2008,16147.0
62,Nevin,Coils,ncoils1p@disqus.com,Audi,Cabriolet,1996,1305.0
63,Katrina,Howler,khowler1q@networkadvertising.org,cadillac,SM,1972,2881.0
64,Glenine,Clemo,gclemo1r@cyberchimps.com,Toyota,Corolla,2006,48641.0
65,Clare,Beckensall,cbeckensall1s@howstuffworks.com,Chevrolet,"Suburban 1500",2002,10765.0
66,Zebadiah,Tarry,ztarry1t@fema.gov,GMC,"Sierra 1500",2008,56722.0
67,Vincenz,Puttergill,vputtergill1u@kickstarter.com,Pontiac,"Grand Prix",1989,17888.0
68,Ruperto,Boston,rboston1v@cnn.com,Mazda,626,1984,16345.0
69,Padraic,Plum,pplum1w@ow.ly,Hyundai,Elantra,2001,21170.0
70,Janey,Heintz,jheintz1x@webs.com,Audi,5000CS,1987,5496.0
71,Valene,Vaggs,vvaggs1y@nydailynews.com,Hyundai,Veracruz,2009,50023.0
72,Jewell,Whewell,jwhewell1z@squarespace.com,Infiniti,FX,2010,10402.0
74,Ervin,Banbrick,ebanbrick21@phoca.cz,Pontiac,LeMans,1966,50919.0
75,Junia,Donson,jdonson22@cbsnews.com,Ferrari,"612 Scaglietti",2010,29065.0
77,Antonius,Jefferies,ajefferies24@imdb.com,Lotus,Elise,2011,52882.0
78,Carlin,Worlidge,cworlidge25@dagondesign.com,Dodge,"Ram 2500",2001,5589.0
79,Nick,Sparks,nsparks26@phpbb.com,Chrysler,Sebring,1997,41579.0
81,Lynett,Thompsett,lthompsett28@weibo.com,Pontiac,"Grand Am",1986,51897.0
82,Rhiamon,Cominoli,rcominoli29@icio.us,Cadillac,Brougham,1992,42900.0
83,Stacey,Charlo,scharlo2a@gizmodo.com,GMC,"Yukon XL 2500",2008,30805.0
84,Alyss,Pavkovic,apavkovic2b@jugem.jp,Pontiac,"Grand Prix",1988,18424.0
85,Devy,Acedo,dacedo2c@jigsy.com,Nissan,Altima,1996,32702.0
86,Gallagher,Killshaw,gkillshaw2d@jiathis.com,Buick,Century,1991,55149.0
87,Orly,Farmer,ofarmer2e@networksolutions.com,Pontiac,Fiero,1986,31763.0
88,Natalee,Petel,npetel2f@freewebs.com,Mercedes-Benz,300CE,1993,51939.0
89,Kermie,Hilldrop,khilldrop2g@un.org,Mercedes-Benz,SLK-Class,2008,3956.0
90,Rahel,Alker,ralker2h@scribd.com,Oldsmobile,Bravada,1993,31002.0
91,Bianca,Moff,bmoff2i@ucla.edu,Pontiac,Firefly,1988,23294.0
92,Shelbi,Garlant,sgarlant2j@ustream.tv,Audi,S4,2002,47218.0
94,Vyky,Giacovelli,vgiacovelli2l@angelfire.com,GMC,Yukon,1996,34555.0
95,Almire,Purser,apurser2m@sciencedirect.com,Toyota,T100,1994,14953.0
96,Ivette,Sainsbury-Brown,isainsburybrown2n@merriam-webster.com,Honda,CR-V,2010,18785.0
97,Bald,Pohls,bpohls2o@goodreads.com,Toyota,Yaris,2012,45232.0
98,Cristiano,Lack,clack2p@drupal.org,Mitsubishi,Montero,2001,13661.0
99,Clea,Santora,csantora2q@seattletimes.com,Mercedes-Benz,G-Class,2012,39913.0
100,Clio,Repp,crepp2r@wiley.com,Mazda,MX-6,1988,14042.0
101,Guthrie,Dominiak,gdominiak2s@nifty.com,GMC,"Yukon XL 1500",2001,9449.0
102,Dani,Clingan,dclingan2t@bravesites.com,Acura,RSX,2003,8943.0
103,Rance,Draycott,rdraycott2u@drupal.org,Dodge,Caliber,2011,25942.0
104,Valerie,McKall,vmckall2v@4shared.com,Lincoln,"Town Car",1995,22430.0
106,Dahlia,Cunniff,dcunniff2x@zdnet.com,Oldsmobile,Silhouette,2003,20855.0
107,Killie,Como,kcomo2y@usnews.com,Porsche,928,1986,43604.0
108,Evangelin,Curedell,ecuredell2z@toplist.cz,Mercedes-Benz,GL-Class,2012,37039.0
109,Biddy,Andersch,bandersch30@sphinn.com,Jeep,Wrangler,2001,11530.0
110,Mora,Duddle,mduddle31@mapy.cz,Ford,Fusion,2009,23406.0
111,Ysabel,Tasch,ytasch32@google.co.uk,Hyundai,Azera,2006,9211.0
112,Garvin,Spellard,gspellard33@amazon.de,Acura,RDX,2007,57511.0
113,Alexandra,Doblin,adoblin34@etsy.com,Toyota,Supra,1992,53593.0
114,Elyse,Belch,ebelch35@hp.com,"Aston Martin","V12 Vantage",2012,34359.0
115,Cary,Smidmor,csmidmor36@sina.com.cn,Saab,9-3,2002,41775.0
116,Leon,Tallant,ltallant37@naver.com,Ford,F-Series,2001,8923.0
117,Cirstoforo,Tertre,ctertre38@dot.gov,Pontiac,"Grand Prix",2008,39423.0
118,Camille,Penreth,cpenreth39@xing.com,Audi,A3,2011,58033.0
119,Hall,Daddow,hdaddow3a@google.com,Toyota,Tundra,2004,46964.0
120,Sigismund,Oaten,soaten3b@sciencedirect.com,Hyundai,Elantra,2006,5842.0
122,Dorise,Mumford,dmumford3d@si.edu,Toyota,"Land Cruiser",2003,56869.0
123,Cordie,Gadson,cgadson3e@amazon.co.jp,Porsche,Boxster,2010,39134.0
124,Perrine,Balducci,pbalducci3f@cam.ac.uk,Dodge,Stratus,1995,48701.0
125,Wolfie,Dows,wdows3g@ft.com,Audi,S4,1992,10920.0
126,Eada,Aindriu,eaindriu3h@samsung.com,Volvo,V70,2006,49547.0
127,Julio,Bonas,jbonas3i@time.com,Toyota,Matrix,2011,25585.0
128,Jaimie,Edinburgh,jedinburgh3j@woothemes.com,Subaru,Legacy,2012,43223.0
129,Boycey,Carrane,bcarrane3k@newsvine.com,BMW,M5,2007,12351.0
130,Meghan,Rime,mrime3l@ezinearticles.com,Oldsmobile,Silhouette,1997,53937.0
131,Gibby,"O'Sharkey",gosharkey3m@goo.ne.jp,Dodge,Challenger,2008,5771.0
132,Roxine,McCarlie,rmccarlie3n@indiatimes.com,BMW,525,2004,30033.0
133,Audi,Tredget,atredget3o@discovery.com,Kia,Sorento,2004,7989.0
134,Brear,Braikenridge,bbraikenridge3p@dagondesign.com,Dodge,Durango,2009,33450.0
135,Katrina,Killingbeck,kkillingbeck3q@si.edu,Nissan,JUKE,2011,30504.0
136,Ebony,Swinerd,eswinerd3r@discovery.com,Acura,NSX,2001,4978.0
137,Marie-ann,Warren,mwarren3s@auda.org.au,Acura,NSX,2001,51710.0
138,Nolana,Salzberger,nsalzberger3t@51.la,Ford,Freestyle,2007,10069.0
139,Sigismund,Parker,sparker3u@pen.io,Audi,S4,2004,19570.0
140,Quent,"O'Dee",qodee3v@mit.edu,Mazda,Tribute,2004,40338.0
142,Dorthea,Howie,dhowie3x@github.io,Plymouth,Breeze,1998,50179.0
143,Gian,Meharg,gmeharg3y@businessinsider.com,Dodge,"Ram 2500 Club",1997,24461.0
144,Stanislaus,Duffell,sduffell3z@fema.gov,Dodge,"Ram Van 3500",2001,47732.0
146,Aleece,Vido,avido41@bizjournals.com,BMW,X3,2007,22056.0
147,Aubrie,"O'Noland",aonoland42@cdbaby.com,Chevrolet,"Suburban 1500",2012,25195.0
148,Ange,Gonnelly,agonnelly43@usa.gov,Mazda,Mazda2,2012,38641.0
149,Dael,Tiery,dtiery44@craigslist.org,Maserati,Spyder,2004,22387.0
150,Lettie,Wastell,lwastell45@seattletimes.com,Mercedes-Benz,E-Class,1988,9252.0
151,Myrle,Fanner,mfanner46@utexas.edu,Plymouth,"Grand Voyager",1996,5780.0
152,Tedie,Scane,tscane47@state.gov,Audi,A5,2012,24947.0
154,Virgil,Gutteridge,vgutteridge49@blogspot.com,Ford,Expedition,2003,39215.0
155,Steffie,Lattie,slattie4a@fda.gov,Volvo,S90,1997,54699.0
156,Rina,Bidewel,rbidewel4b@yandex.ru,Porsche,911,1996,36272.0
157,Karil,Christiensen,kchristiensen4c@rambler.ru,Infiniti,G,2012,21956.0
158,Estella,Moran,emoran4d@amazon.co.uk,Mitsubishi,Precis,1992,53026.0
159,Nichol,Dunphy,ndunphy4e@phoca.cz,Oldsmobile,Silhouette,1993,18732.0
160,Fernande,Noseworthy,fnoseworthy4f@msn.com,Lotus,Elan,1991,16179.0
161,Rahal,Aguirre,raguirre4g@sitemeter.com,Acura,RSX,2005,9326.0
162,Jolene,Milberry,jmilberry4h@boston.com,GMC,Yukon,2005,21434.0
163,Jocelyne,McCorrie,jmccorrie4i@amazonaws.com,Mercedes-Benz,R-Class,2007,42743.0
164,Cornie,Hackey,chackey4j@eepurl.com,Dodge,Viper,2009,7537.0
165,Miranda,Brunton,mbrunton4k@wikimedia.org,Lexus,"RX Hybrid",2012,23789.0
166,Harper,Essberger,hessberger4l@so-net.ne.jp,Maybach,62,2005,53312.0
167,Tori,Colcomb,tcolcomb4m@apache.org,Nissan,Maxima,2009,43977.0
169,Kleon,MacHostie,kmachostie4o@skype.com,GMC,2500,1999,14534.0
170,Tedi,Sarre,tsarre4p@example.com,Chrysler,Sebring,2006,21311.0
171,Ferdinande,Lambot,flambot4q@blogspot.com,Honda,Ridgeline,2011,56031.0
172,Irita,Brayley,ibrayley4r@huffingtonpost.com,Honda,Passport,1998,38390.0
173,Susie,Rheubottom,srheubottom4s@buzzfeed.com,GMC,"Sierra 1500",2013,55706.0
174,Dex,Gaven,dgaven4t@unc.edu,Chrysler,Concorde,1996,24248.0
175,Nolana,Isakovitch,nisakovitch4u@list-manage.com,Mercedes-Benz,"SLR McLaren",2006,21803.0
176,Vi,Shellshear,vshellshear4v@ibm.com,Chevrolet,Caprice,1983,10034.0
177,Marci,Queyos,mqueyos4w@youtu.be,Acura,Integra,1992,25166.0
178,Brady,Mauvin,bmauvin4x@alexa.com,GMC,"Sierra 2500",2007,59406.0
179,Alameda,Tipton,atipton4y@nydailynews.com,Ford,Expedition,2001,6286.0
180,Fae,Gherardini,fgherardini4z@biglobe.ne.jp,Ford,Mustang,2005,26579.0
181,Dougy,Mattosoff,dmattosoff50@yellowbook.com,Volkswagen,GTI,2005,13316.0
182,Wilden,Wagen,wwagen51@squarespace.com,Cadillac,STS,2007,26693.0
183,Westbrooke,Linzee,wlinzee52@statcounter.com,Acura,Integra,1994,20991.0
184,Ignacio,McRonald,imcronald53@earthlink.net,Mazda,Protege,1997,32352.0
185,Niven,Erridge,nerridge54@fc2.com,Suzuki,Sidekick,1995,42568.0
186,Baudoin,Matthias,bmatthias55@cbsnews.com,Jeep,Wrangler,2006,34480.0
187,Carl,Feasey,cfeasey56@nydailynews.com,Pontiac,Fiero,1985,21689.0
188,Hortense,Curnnokk,hcurnnokk57@answers.com,Ford,Flex,2010,31938.0
189,Herman,Earland,hearland58@kickstarter.com,GMC,Jimmy,1994,17636.0
190,Ab,Pietrowski,apietrowski59@aol.com,"Land Rover","Range Rover",1999,41091.0
191,Rex,Baudoux,rbaudoux5a@dropbox.com,Mercury,Topaz,1992,7601.0
192,Evyn,Whitbread,ewhitbread5b@hibu.com,Mazda,Tribute,2002,46292.0
193,Ervin,Teall,eteall5c@mail.ru,Mitsubishi,Excel,1988,168.0
194,Bernardo,Lander,blander5d@noaa.gov,Acura,TL,1999,2903.0
195,Reinhold,Banton,rbanton5e@jugem.jp,Pontiac,"Montana SV6",2005,11010.0
196,Vladamir,Lorne,vlorne5f@seesaa.net,Pontiac,"Grand Prix",1977,11449.0
197,Sebastiano,Davenall,sdavenall5g@globo.com,Mazda,626,1984,54070.0
198,May,Maccraw,mmaccraw5h@hatena.ne.jp,Honda,Pilot,2010,3688.0
199,Emmett,Dower,edower5i@census.gov,Lincoln,"Town Car",2009,42274.0
200,Wait,Kingcote,wkingcote5j@example.com,Dodge,"Ram Van 2500",2003,6487.0
201,Anissa,Wickling,awickling5k@etsy.com,Nissan,Titan,2011,52962.0
202,Laurene,Cadlock,lcadlock5l@oaic.gov.au,Honda,CR-Z,2012,49354.0
203,Ad,Pidgen,apidgen5m@ibm.com,Acura,RDX,2008,49860.0
205,Riccardo,Western,rwestern5o@i2i.jp,Hyundai,Azera,2006,24008.0
206,Herby,Routhorn,hrouthorn5p@netvibes.com,Chevrolet,"Express 1500",1998,15196.0
207,Lucita,Spinetti,lspinetti5q@posterous.com,BMW,Z4,2012,11193.0
208,Ajay,Lowseley,alowseley5r@chron.com,Bentley,"Continental GTC",2010,51812.0
209,Jocko,Idney,jidney5s@skyrock.com,Saturn,Astra,2009,24706.0
211,Fidelio,Fairrie,ffairrie5u@sourceforge.net,Lincoln,MKZ,2011,34402.0
212,Devina,Ossipenko,dossipenko5v@sourceforge.net,Suzuki,Equator,2012,43238.0
213,Adeline,Osband,aosband5w@zimbio.com,Daewoo,Nubira,2000,28703.0
214,Kailey,Humbatch,khumbatch5x@over-blog.com,Suzuki,"Daewoo Lacetti",2006,1932.0
215,Arvy,Stopher,astopher5y@yolasite.com,Ford,F250,2004,21444.0
216,Cortie,Gooddy,cgooddy5z@opensource.org,MINI,"Cooper Countryman",2012,32311.0
217,Teddie,Brimham,tbrimham60@ow.ly,Chrysler,Sebring,1999,42001.0
218,Danette,Hathorn,dhathorn61@homestead.com,Chrysler,300M,1999,46606.0
219,Hollyanne,Risso,hrisso62@cdbaby.com,Mercury,Tracer,1988,32848.0
220,Ellissa,Faircliffe,efaircliffe63@gov.uk,"Land Rover",Discovery,1995,50327.0
221,Marietta,Pavluk,mpavluk64@issuu.com,Bentley,"Continental GTC",2010,40951.0
222,Ursulina,Albertson,ualbertson65@weebly.com,Nissan,Rogue,2008,1369.0
223,Brianna,Belmont,bbelmont66@google.fr,Cadillac,DeVille,2003,26877.0
224,Savina,Sheaf,ssheaf67@squidoo.com,Jeep,Wrangler,2003,20662.0
225,Faunie,Garford,fgarford68@nih.gov,Toyota,RAV4,1998,29987.0
226,Perry,Beddo,pbeddo69@adobe.com,Chevrolet,"Express 2500",2002,12887.0
228,Garwin,Coleby,gcoleby6b@bizjournals.com,Isuzu,Trooper,2000,31506.0
229,Chucho,Breach,cbreach6c@apache.org,Lincoln,MKS,2011,44903.0
230,Krissy,Dipple,kdipple6d@tumblr.com,Mercedes-Benz,SLK-Class,2009,2126.0
232,Elwood,Bruck,ebruck6f@disqus.com,Chrysler,LHS,2001,56514.0
233,Jeffrey,MacInherney,jmacinherney6g@tripod.com,Audi,S4,2004,51933.0
234,Faulkner,Vasyutin,fvasyutin6h@wikimedia.org,Honda,Prelude,2000,50638.0
235,Gifford,Faccini,gfaccini6i@imdb.com,Dodge,"Ram Van 3500",1995,18769.0
236,Pauline,Loft,ploft6j@state.gov,Buick,Somerset,1986,30320.0
237,Torrie,Frankcom,tfrankcom6k@icq.com,GMC,"Savana 3500",2005,24463.0
238,Phelia,Crankshaw,pcrankshaw6l@canalblog.com,Infiniti,I,2000,3508.0
239,Sasha,Closs,scloss6m@studiopress.com,Chevrolet,Cruze,2013,7418.0
240,Natalina,Cole,ncole6n@blog.com,Pontiac,Vibe,2003,38807.0
241,Corbie,Dowtry,cdowtry6o@google.es,"Land Rover",Discovery,2000,45673.0
242,Carver,Swanwick,cswanwick6p@cafepress.com,Hyundai,Tucson,2005,47631.0
243,Perry,Yell,pyell6q@slashdot.org,BMW,"7 Series",2009,33841.0
244,Kari,Cuffley,kcuffley6r@yale.edu,Volvo,V50,2005,874.0
245,Vallie,"De Gregario",vdegregario6s@virginia.edu,Chevrolet,Corvette,2009,48745.0
246,Bendick,Dampier,bdampier6t@example.com,GMC,"Vandura G2500",1995,24586.0
247,Shae,Petit,spetit6u@delicious.com,Nissan,200SX,1995,11554.0
248,Aldon,Ferreira,aferreira6v@si.edu,Hyundai,Elantra,1997,8752.0
249,Charlie,Hethron,chethron6w@godaddy.com,Chevrolet,Cobalt,2008,29790.0
250,Hubert,McIlvaney,hmcilvaney6x@utexas.edu,Subaru,Impreza,2004,35447.0
251,Rosemonde,Dumbelton,rdumbelton6y@privacy.gov.au,Dodge,"Ram Van 3500",1995,10030.0
252,Fidole,Marsy,fmarsy6z@opera.com,Plymouth,Voyager,1997,52214.0
253,Yale,Rickert,yrickert70@sbwire.com,Honda,Passport,1994,9624.0
254,Genni,Chapell,gchapell71@dedecms.com,Infiniti,G,1999,4409.0
255,Tomkin,Magog,tmagog72@bloglines.com,Dodge,"Dakota Club",2005,2181.0
256,Cthrine,Boud,cboud73@ftc.gov,Pontiac,G6,2010,36076.0
257,Davon,Hansman,dhansman74@ocn.ne.jp,Pontiac,6000,1987,41192.0
258,Nolly,Philcox,nphilcox75@sun.com,Dodge,Avenger,1997,1736.0
259,Orson,Yeoland,oyeoland76@techcrunch.com,Dodge,Ram,2009,12549.0
260,Portia,Blindmann,pblindmann77@umn.edu,Honda,Ridgeline,2008,22391.0
261,Ches,Brownstein,cbrownstein78@army.mil,Mitsubishi,Montero,2001,50703.0
262,Ethel,Fishpoole,efishpoole79@chicagotribune.com,Mercedes-Benz,300CE,1992,345.0
263,Angelique,Mawd,amawd7a@xinhuanet.com,Jeep,Compass,2012,48727.0
264,Camila,Salmons,csalmons7b@tinyurl.com,Dodge,"Ram Van 3500",1995,59611.0
265,Malchy,Coey,mcoey7c@google.nl,Jeep,"Grand Cherokee",1995,44283.0
266,Desirae,Demke,ddemke7d@narod.ru,Cadillac,DeVille,2001,30315.0
267,Roberta,Arber,rarber7e@blogspot.com,BMW,Z3,1997,30999.0
268,Erastus,Dyster,edyster7f@dedecms.com,Saab,9-7X,2006,38434.0
269,Niki,Rainy,nrainy7g@samsung.com,"Land Rover",LR3,2008,34038.0
270,Guillaume,Sheldrick,gsheldrick7h@state.gov,Chevrolet,"Suburban 1500",2003,7261.0
271,Auria,Hudghton,ahudghton7i@1688.com,Mazda,"B-Series Plus",1993,57055.0
272,Grady,Waylen,gwaylen7j@rediff.com,"Land Rover","Range Rover",2005,7277.0
273,Kiersten,Janc,kjanc7k@businesswire.com,Mercedes-Benz,"G55 AMG",2006,49177.0
274,Dexter,Tocqueville,dtocqueville7l@yahoo.com,Lexus,ES,2012,31167.0
275,Teresa,Shevelin,tshevelin7m@salon.com,BMW,"7 Series",1996,33937.0
276,Roze,Postles,rpostles7n@elpais.com,Honda,Element,2010,25271.0
277,Dew,Pahl,dpahl7o@businessinsider.com,BMW,530,2004,58510.0
278,Arda,Coolahan,acoolahan7p@bluehost.com,Cadillac,DeVille,1996,33113.0
279,Veriee,Crother,vcrother7q@freewebs.com,Cadillac,"Escalade ESV",2012,26029.0
280,Morly,Visco,mvisco7r@ning.com,BMW,Z4,2008,13501.0
281,Frederico,Drinkwater,fdrinkwater7s@angelfire.com,Lexus,LX,2008,14906.0
282,Luis,Cammoile,lcammoile7t@who.int,Jeep,"Grand Cherokee",2005,41338.0
283,Mallory,Hazeup,mhazeup7u@ifeng.com,GMC,"Sierra 3500",2004,43197.0
284,Mignon,Bassett,mbassett7v@mtv.com,Buick,Reatta,1989,25655.0
285,Estele,Liles,eliles7w@jigsy.com,Hyundai,Accent,2013,52266.0
286,Abbye,Doctor,adoctor7x@google.ca,Mercury,"Grand Marquis",2008,47576.0
287,Flem,Dellenbach,fdellenbach7y@themeforest.net,Pontiac,"Trans Sport",1994,19623.0
288,Marijo,Apedaile,mapedaile7z@sakura.ne.jp,Kia,Sedona,2010,5459.0
289,Adah,Beagen,abeagen80@istockphoto.com,Mazda,626,1994,743.0
290,Beulah,Maharey,bmaharey81@g.co,Mazda,RX-7,1993,5702.0
291,Sabina,Chasmar,schasmar82@irs.gov,Mercedes-Benz,SL-Class,2001,14356.0
292,Marena,Diggles,mdiggles83@webnode.com,Lincoln,MKZ,2011,32656.0
293,Vance,Chill,vchill84@hp.com,Honda,Pilot,2009,43882.0
294,Raine,Edler,redler85@oaic.gov.au,Honda,Civic,2008,10517.0
295,Livia,Bruneton,lbruneton86@ning.com,Volkswagen,Passat,1998,2109.0
296,Cosmo,Dunster,cdunster87@ucoz.com,Buick,Regal,2011,4858.0
297,Gabe,Mongin,gmongin88@cbslocal.com,Acura,TSX,2006,52586.0
298,Adora,Janek,ajanek89@privacy.gov.au,Mitsubishi,"Lancer Evolution",2006,25979.0
299,Grace,Tynewell,gtynewell8a@about.com,Chevrolet,"G-Series 3500",1997,24074.0
300,Maryanne,"Le Prevost",mleprevost8b@senate.gov,Audi,S4,2012,1348.0
301,Kirsten,McNeillie,kmcneillie8c@japanpost.jp,Volvo,850,1995,18995.0
302,Reynold,Brolan,rbrolan8d@gov.uk,Lexus,RX,2010,46751.0
303,Rebecca,Griffoen,rgriffoen8e@tumblr.com,Chrysler,"PT Cruiser",2006,58659.0
304,Eddie,Roder,eroder8f@psu.edu,Mitsubishi,Pajero,1987,38125.0
305,Rowland,Spurier,rspurier8g@mayoclinic.com,Volkswagen,GTI,1985,8985.0
306,Tod,Votier,tvotier8h@hc360.com,Nissan,Murano,2010,21293.0
307,Tammi,Randlesome,trandlesome8i@springer.com,Nissan,240SX,1994,3213.0
308,Leopold,Winspear,lwinspear8j@cam.ac.uk,Volkswagen,Cabriolet,1999,46654.0
309,Dal,Ratke,dratke8k@angelfire.com,Volkswagen,Golf,1990,18158.0
310,Anton,Sterre,asterre8l@guardian.co.uk,Volkswagen,Corrado,1992,33438.0
311,Jasmina,Fischer,jfischer8m@sun.com,Saab,9-5,2007,36530.0
312,Carr,Gribbon,cgribbon8n@accuweather.com,GMC,"Sierra 3500",2010,50055.0
313,Joellyn,Benditt,jbenditt8o@senate.gov,Buick,"Park Avenue",1998,50263.0
314,Jody,Bullingham,jbullingham8p@ebay.co.uk,Hyundai,Accent,2010,31136.0
315,Ros,Claasen,rclaasen8q@techcrunch.com,Lincoln,"Navigator L",2010,10935.0
316,Aldwin,Bartolomeotti,abartolomeotti8r@networkadvertising.org,Lamborghini,"Murciélago",2007,14607.0
317,Morgan,Cleator,mcleator8s@freewebs.com,Oldsmobile,Bravada,1993,34021.0
318,Ingrid,Spain,ispain8t@wunderground.com,Isuzu,VehiCROSS,2000,47645.0
319,Isabel,Broomhall,ibroomhall8u@ox.ac.uk,Mercury,Mountaineer,1999,49391.0
320,Maribeth,Winscum,mwinscum8v@google.pl,Pontiac,Tempest,1965,17234.0
321,Christophorus,Fairholme,cfairholme8w@dailymail.co.uk,Mercury,Sable,1994,6393.0
322,Rolf,Andree,randree8x@wunderground.com,Cadillac,"Escalade ESV",2004,58926.0
324,Johnny,Cordrey,jcordrey8z@ed.gov,GMC,Terrain,2012,21576.0
325,Mathian,Nund,mnund90@goo.gl,GMC,"Yukon XL 1500",2009,13202.0
326,Nona,Loder,nloder91@dot.gov,Isuzu,Trooper,1994,19955.0
327,Nowell,MacAnellye,nmacanellye92@ask.com,Isuzu,Stylus,1992,15187.0
328,Feliks,Caville,fcaville93@smh.com.au,Hyundai,"Santa Fe",2004,20891.0
329,Darell,Broz,dbroz94@answers.com,Toyota,"Camry Hybrid",2007,23365.0
330,Selby,Andriesse,sandriesse95@google.co.jp,Mitsubishi,Eclipse,2009,22624.0
331,Creighton,Govan,cgovan96@rakuten.co.jp,Ford,F250,2008,15536.0
333,Ardra,Whale,awhale98@yahoo.co.jp,Saab,9000,1999,19287.0
334,Dietrich,MacVicar,dmacvicar99@hugedomains.com,Rolls-Royce,Phantom,2011,54855.0
335,Bibby,Asp,basp9a@over-blog.com,GMC,Yukon,1999,2780.0
336,Natty,Mustard,nmustard9b@army.mil,Mazda,CX-7,2009,59757.0
337,Ellis,Moscone,emoscone9c@amazon.com,"Land Rover",Discovery,2008,32909.0
339,Gilbert,Inglefield,ginglefield9e@nifty.com,Eagle,Summit,1995,55935.0
340,Lib,Genders,lgenders9f@va.gov,Saturn,Astra,2009,32649.0
341,Marena,Fone,mfone9g@nationalgeographic.com,Nissan,NV1500,2012,40706.0
342,Ursa,Orchart,uorchart9h@amazon.co.uk,Ford,E350,2006,768.0
344,Mendy,Tamburi,mtamburi9j@yolasite.com,Ford,F250,2003,25448.0
345,Nicki,"O'Sharry",nosharry9k@jalbum.net,Ford,Explorer,2010,9539.0
346,Mona,Rayner,mrayner9l@java.com,Honda,Pilot,2005,58420.0
347,Lambert,Veness,lveness9m@nydailynews.com,Suzuki,Esteem,2001,44082.0
348,Bernarr,Noar,bnoar9n@oaic.gov.au,Subaru,XT,1985,17048.0
349,Erie,Perse,eperse9o@engadget.com,Pontiac,LeMans,1967,17613.0
350,Jamill,Ambrois,jambrois9p@google.de,Acura,Integra,1998,19754.0
351,Cash,Santino,csantino9q@vk.com,Volkswagen,Cabriolet,1997,18291.0
353,Adi,Guy,aguy9s@timesonline.co.uk,Lexus,ES,2001,39107.0
354,Lionel,Tebb,ltebb9t@admin.ch,Chevrolet,Corvette,1957,21609.0
355,Berni,Ellings,bellings9u@eventbrite.com,Jeep,"Grand Cherokee",2006,46866.0
356,Valeria,Eakins,veakins9v@hud.gov,Honda,Prelude,1994,52829.0
357,Mei,Larvin,mlarvin9w@bandcamp.com,Volvo,S70,2000,40283.0
358,Nathanil,Dachey,ndachey9x@oracle.com,Volkswagen,Beetle,1965,54455.0
359,Sapphira,Burdis,sburdis9y@ning.com,GMC,"Savana 2500",2003,21412.0
360,Halimeda,Dowtry,hdowtry9z@deviantart.com,Lincoln,"Mark LT",2007,58849.0
361,Feodor,Puckinghorne,fpuckinghornea0@simplemachines.org,Honda,Odyssey,2009,2805.0
362,Nobie,Nequest,nnequesta1@themeforest.net,Ford,E-Series,2001,12291.0
363,Theressa,Cassin,tcassina2@blogtalkradio.com,Mazda,RX-7,1986,55279.0
364,Blake,Mabee,bmabeea3@uol.com.br,Mazda,Mazda5,2006,52044.0
365,Gay,Fawthrop,gfawthropa4@wired.com,Mercury,"Grand Marquis",1990,24512.0
366,Katine,Farge,kfargea5@gmpg.org,cadillac,CX,1989,34279.0
367,Concettina,Topes,ctopesa6@feedburner.com,Lexus,LS,2006,54753.0
368,Kit,Headland,kheadlanda7@google.fr,Buick,LaCrosse,2011,18078.0
369,Teodoro,Girardeau,tgirardeaua8@icq.com,Lotus,Esprit,2000,1450.0
370,Robert,Hadlee,rhadleea9@wufoo.com,Plymouth,Laser,1990,53486.0
371,Moyra,Hardcastle,mhardcastleaa@1688.com,Chevrolet,"Express 3500",1999,8417.0
372,Omero,McGurk,omcgurkab@pcworld.com,Chevrolet,"Express 3500",2012,52747.0
373,Kamilah,Delleschi,kdelleschiac@google.com.hk,Pontiac,"Trans Sport",1994,26357.0
374,Shaylah,Jackman,sjackmanad@nature.com,Volkswagen,Corrado,1991,8903.0
375,Loreen,Caldaro,lcaldaroae@icio.us,Pontiac,"Grand Prix",1984,51895.0
376,Raoul,Scraney,rscraneyaf@go.com,Mazda,"Miata MX-5",2012,4797.0
377,Laney,Pack,lpackag@telegraph.co.uk,Chevrolet,"G-Series 1500",1996,22986.0
378,Georgena,Coppin,gcoppinah@sfgate.com,Hyundai,Veracruz,2010,38088.0
379,Cyndy,MacAndrew,cmacandrewai@t-online.de,Ford,E-Series,2005,34711.0
380,Madeline,Dixsee,mdixseeaj@purevolume.com,Pontiac,6000,1984,54351.0
381,Natasha,Milne,nmilneak@elegantthemes.com,Buick,LeSabre,2003,55631.0
382,Selestina,Bussetti,sbussettial@jimdo.com,Honda,Accord,1999,39593.0
383,Vonny,Danser,vdanseram@tinyurl.com,Dodge,"Ram 2500",1995,26399.0
384,Northrup,Eldrid,neldridan@cmu.edu,Mercury,Mariner,2005,32660.0
385,Dall,Gilpin,dgilpinao@illinois.edu,Jaguar,"XJ Series",2001,33699.0
386,Cordey,Janikowski,cjanikowskiap@huffingtonpost.com,Toyota,"Land Cruiser",1994,6660.0
387,Tabbie,Ilbert,tilbertaq@pinterest.com,Lotus,Elise,2004,14745.0
388,Wilow,Turville,wturvillear@vkontakte.ru,Buick,Enclave,2011,42879.0
389,Leonidas,Alejandro,lalejandroas@fastcompany.com,Chevrolet,"Silverado 2500",2009,23712.0
390,Ellis,Simoens,esimoensat@example.com,MINI,Clubman,2008,26012.0
391,Fey,Bromont,fbromontau@behance.net,Volkswagen,Quantum,1984,47352.0
392,Fran,Champerlen,fchamperlenav@cocolog-nifty.com,Chevrolet,HHR,2011,46815.0
393,Ardenia,Fillis,afillisaw@sphinn.com,MINI,"Cooper Clubman",2010,7346.0
394,Edita,Edison,eedisonax@jugem.jp,Lexus,GS,2002,29695.0
395,Carena,McTurlough,cmcturloughay@theatlantic.com,Hyundai,Accent,2012,10756.0
396,Torin,Leyden,tleydenaz@washingtonpost.com,Ford,E-Series,2001,6833.0
397,Bonni,Threlkeld,bthrelkeldb0@miibeian.gov.cn,Chrysler,"PT Cruiser",2008,54658.0
398,Nevin,Groll,ngrollb1@arizona.edu,Corbin,Sparrow,2004,1109.0
399,Rupert,Kibbee,rkibbeeb2@qq.com,Jeep,Cherokee,1999,58797.0
400,Kirsten,Cotton,kcottonb3@nyu.edu,Subaru,Tribeca,2007,14996.0
401,Crosby,Foulis,cfoulisb4@pinterest.com,Buick,Century,1993,13888.0
402,Rochella,Bolesma,rbolesmab5@globo.com,Nissan,Pathfinder,1993,50996.0
403,Wallis,Benedicto,wbenedictob6@apple.com,Lexus,LX,2009,45882.0
404,Benjamen,Jolliff,bjolliffb7@weibo.com,Nissan,Leaf,2012,12295.0
405,Maude,Itzhaki,mitzhakib8@hp.com,BMW,"3 Series",1997,53132.0
406,Terri,Burds,tburdsb9@instagram.com,Mitsubishi,Cordia,1988,1411.0
407,Jase,Zimmerman,jzimmermanba@stanford.edu,Chevrolet,Tahoe,1995,15186.0
408,Nedda,Beeken,nbeekenbb@wired.com,Dodge,Durango,2007,40849.0
409,Roda,Vooght,rvooghtbc@mysql.com,Mercury,Cougar,1999,17481.0
410,Arlyn,Abela,aabelabd@prweb.com,Dodge,"Grand Caravan",2009,21719.0
411,Dione,Brafield,dbrafieldbe@themeforest.net,MINI,Countryman,2011,57258.0
412,Dre,Caitlin,dcaitlinbf@nytimes.com,Chevrolet,Uplander,2007,28191.0
413,Charlie,Sabati,csabatibg@gmpg.org,Suzuki,Swift,1991,21428.0
414,Penrod,Charters,pchartersbh@reuters.com,Lotus,Elise,2011,30663.0
415,Mab,Youhill,myouhillbi@booking.com,Isuzu,"Rodeo Sport",2002,13506.0
416,Floria,Mathelon,fmathelonbj@google.pl,Toyota,RAV4,2009,35740.0
417,Evelina,Silman,esilmanbk@zdnet.com,Chrysler,"Town & Country",1994,22600.0
418,Dionysus,Devinn,ddevinnbl@shop-pro.jp,Pontiac,Torrent,2008,4235.0
419,Ludvig,Geddes,lgeddesbm@edublogs.org,Daewoo,Leganza,2000,55886.0
420,Evangelia,Tugwell,etugwellbn@360.cn,Mitsubishi,Diamante,2002,37997.0
421,Miranda,Brekonridge,mbrekonridgebo@meetup.com,Ford,F150,2009,30451.0
422,Ozzie,Haycock,ohaycockbp@forbes.com,Toyota,Matrix,2012,33900.0
423,Zebedee,Guttridge,zguttridgebq@economist.com,Mercedes-Benz,R-Class,2007,55678.0
424,Charo,Eberlein,ceberleinbr@exblog.jp,Audi,"Coupe GT",1986,23901.0
425,Kennie,Ladell,kladellbs@cnbc.com,Ford,E350,2011,8663.0
426,Fenelia,Angric,fangricbt@goo.ne.jp,Dodge,"Ram Van B150",1994,42688.0
427,Ario,Raunds,araundsbu@intel.com,Bentley,"Continental GTC",2011,26207.0
428,Alix,Boots,abootsbv@ed.gov,Toyota,Corolla,2010,45545.0
430,Vanya,Looney,vlooneybx@google.pl,Rolls-Royce,Phantom,2008,50390.0
431,Paola,"Van der Baaren",pvanderbaarenby@salon.com,Toyota,Camry,2011,33395.0
432,Corilla,Bundock,cbundockbz@craigslist.org,Chevrolet,Uplander,2005,58696.0
433,Junette,Lavis,jlavisc0@wikia.com,Hyundai,Accent,1997,32970.0
434,Morgun,Tofts,mtoftsc1@dion.ne.jp,Chevrolet,Metro,2000,33354.0
435,Berkie,Foston,bfostonc2@stumbleupon.com,Buick,LaCrosse,2008,38222.0
436,Lilla,Garmons,lgarmonsc3@harvard.edu,Subaru,Impreza,1996,42987.0
437,Christen,Vittori,cvittoric4@cafepress.com,Chevrolet,"Monte Carlo",1999,34889.0
438,Gasparo,Larvin,glarvinc5@51.la,Toyota,Sequoia,2005,27522.0
439,Simonne,Kinzett,skinzettc6@si.edu,Chevrolet,Malibu,1997,57365.0
440,Lezlie,Hagley,lhagleyc7@feedburner.com,Lexus,GS,2010,37292.0
441,Dulcia,Ganning,dganningc8@china.com.cn,Ford,ZX2,2001,22747.0
442,Dwain,Marle,dmarlec9@google.ca,Mercedes-Benz,SL-Class,1994,12132.0
443,Clarissa,Canner,ccannerca@friendfeed.com,Mitsubishi,Precis,1994,52321.0
444,Nadean,Mackiewicz,nmackiewiczcb@shutterfly.com,Subaru,Impreza,2000,45987.0
445,Alessandra,Penning,apenningcc@fastcompany.com,Toyota,Xtra,1993,2725.0
446,Carlie,Toulch,ctoulchcd@friendfeed.com,Mitsubishi,Lancer,2004,15092.0
447,Avril,Gretton,agrettonce@w3.org,BMW,X3,2008,56412.0
448,Tawnya,Sawell,tsawellcf@acquirethisname.com,Scion,tC,2005,25377.0
449,Bess,Elrick,belrickcg@youtu.be,Volkswagen,"Touareg 2",2008,18162.0
450,Harriot,Casey,hcaseych@topsy.com,Volkswagen,Touareg,2008,18808.0
451,Roxanna,Doswell,rdoswellci@mashable.com,Ford,Ranger,2004,29831.0
452,Isidoro,Wakeman,iwakemancj@about.com,"Land Rover","Defender 90",1995,7111.0
453,Vere,Yuryev,vyuryevck@whitehouse.gov,Hyundai,"Santa Fe",2012,50972.0
454,Vikky,Hopfer,vhopfercl@un.org,Acura,RSX,2006,57020.0
455,Piotr,Faro,pfarocm@purevolume.com,Geo,Tracker,1994,58943.0
456,Grantham,Spyby,gspybycn@vistaprint.com,Volvo,XC70,2004,14707.0
457,Beatrisa,Perri,bperrico@sciencedaily.com,BMW,"Z4 M Roadster",2009,38774.0
458,Isis,Labbey,ilabbeycp@google.co.jp,Honda,Element,2009,2691.0
459,Inesita,Fairlaw,ifairlawcq@engadget.com,Lexus,RX,2010,40852.0
460,Tully,Shuttleworth,tshuttleworthcr@a8.net,Volkswagen,Touareg,2004,44509.0
461,Lucais,Tombling,ltomblingcs@ehow.com,Mazda,Navajo,1993,3809.0
462,Kippy,Twohig,ktwohigct@livejournal.com,Mercury,"Grand Marquis",2002,23408.0
463,Irwin,Anderbrugge,ianderbruggecu@wix.com,Lincoln,Continental,2001,57503.0
465,Katuscha,Luckham,kluckhamcw@time.com,Dodge,Caravan,2008,45526.0
466,Zack,Knivett,zknivettcx@chicagotribune.com,Volkswagen,Touareg,2007,2580.0
467,Saunders,"Le Provest",sleprovestcy@europa.eu,Chrysler,"PT Cruiser",2008,29338.0
468,Cordy,Fallanche,cfallanchecz@house.gov,Dodge,Stratus,2001,37644.0
469,Jo,Vasyushkhin,jvasyushkhind0@lulu.com,Mazda,"Miata MX-5",1999,34023.0
470,Noelani,Robertis,nrobertisd1@moonfruit.com,Audi,S4,2005,48155.0
471,Nicolle,"O'Lehane",nolehaned2@imgur.com,Volkswagen,Corrado,1990,42959.0
472,Kirbie,Wickstead,kwicksteadd3@netlog.com,Buick,Enclave,2010,25753.0
473,Berkly,Crennan,bcrennand4@google.de,Honda,Accord,1997,2415.0
474,Marti,Kennan,mkennand5@nsw.gov.au,Dodge,"Dakota Club",2007,5457.0
475,Joleen,Bohje,jbohjed6@huffingtonpost.com,Hyundai,Accent,1995,24620.0
476,Shandee,"O'Farrell",sofarrelld7@live.com,"Land Rover","Range Rover",1988,2245.0
477,Lauritz,Liccardo,lliccardod8@wikispaces.com,Chevrolet,"Avalanche 1500",2005,34583.0
479,Anna-diana,Mynett,amynettda@geocities.jp,"Land Rover","Defender 110",1993,52780.0
480,Darell,Bertolaccini,dbertolaccinidb@ibm.com,Pontiac,"Grand Am",1999,33260.0
481,Basil,Gaydon,bgaydondc@topsy.com,Panoz,Esperante,2006,29800.0
483,Johnny,Domenicone,jdomeniconede@npr.org,Volkswagen,Touareg,2005,35986.0
485,Gennie,Found,gfounddg@telegraph.co.uk,Chevrolet,Volt,2012,18120.0
486,Casey,Hexham,chexhamdh@indiegogo.com,Mercedes-Benz,CL-Class,2011,44855.0
487,Pace,Lawie,plawiedi@ox.ac.uk,Lincoln,"Navigator L",2007,6326.0
488,Lenora,Leithgoe,lleithgoedj@hubpages.com,Chevrolet,Astro,1996,35622.0
489,Samara,Steers,ssteersdk@ebay.com,Toyota,Tacoma,2012,7649.0
490,Cindra,Bernardeschi,cbernardeschidl@miitbeian.gov.cn,GMC,"Sierra 3500",2009,42290.0
491,Inna,Claxson,iclaxsondm@flickr.com,Pontiac,Aztek,2004,13632.0
492,Meggi,Watkiss,mwatkissdn@wikipedia.org,Mercury,Cougar,1999,53628.0
493,Gale,Kingsly,gkingslydo@gmpg.org,Toyota,4Runner,2002,43703.0
494,Erastus,Scolding,escoldingdp@t-online.de,Plymouth,Breeze,2000,4883.0
495,Dorothee,Eskrick,deskrickdq@tinyurl.com,"Land Rover","Range Rover Evoque",2012,13051.0
497,Mano,Diehn,mdiehnds@usda.gov,Mercedes-Benz,SLK-Class,2005,46145.0
498,Tony,Sulland,tsullanddt@netvibes.com,GMC,"1500 Club Coupe",1995,36943.0
499,Almira,Wason,awasondu@omniture.com,Cadillac,Seville,1996,23809.0
500,Abbie,Antonich,aantonichdv@is.gd,Acura,RL,1996,22494.0
502,Golda,Fiddiman,gfiddimandx@google.co.jp,Chevrolet,Silverado,1999,24114.0
503,Sigismond,Henkens,shenkensdy@gizmodo.com,Kia,Sportage,1999,44249.0
504,Gavan,Cawson,gcawsondz@opensource.org,"Land Rover","Range Rover",2006,21484.0
505,Isidor,Weddeburn,iweddeburne0@senate.gov,Mercedes-Benz,C-Class,2005,59934.0
506,Gwyn,Inglis,ginglise1@tinyurl.com,Audi,S6,2002,25978.0
507,Chane,Eusden,ceusdene2@sogou.com,Mercedes-Benz,CLK-Class,2001,51160.0
508,Edgard,Biddle,ebiddlee3@moonfruit.com,Mercury,"Grand Marquis",1991,2788.0
509,Risa,Snowling,rsnowlinge4@forbes.com,Lexus,IS,2004,21631.0
510,Abbey,Martin,amartine5@twitter.com,BMW,Z8,2002,42192.0
511,Dillie,Spellesy,dspellesye6@dagondesign.com,Oldsmobile,Silhouette,1999,4023.0
512,Regan,Schapiro,rschapiroe7@parallels.com,Hyundai,Elantra,2013,9030.0
513,Shelly,Margerison,smargerisone8@wsj.com,Dodge,Neon,1995,43728.0
514,Alaric,Ramstead,aramsteade9@comcast.net,Mercedes-Benz,M-Class,2005,4403.0
515,Ward,Millership,wmillershipea@hao123.com,Honda,Passport,2002,45894.0
516,Correy,Featherston,cfeatherstoneb@gravatar.com,Maserati,Quattroporte,2006,33632.0
517,Ruthie,Hallede,rhalledeec@angelfire.com,Nissan,200SX,1996,1702.0
518,Sherrie,Vasyukhichev,svasyukhicheved@simplemachines.org,Chevrolet,"Express 3500",2009,15723.0
519,Emmaline,Clogg,ecloggee@mac.com,"Alfa Romeo",Spider,1994,51114.0
520,Trenna,Orans,toransef@netlog.com,MINI,"Cooper Clubman",2012,20501.0
521,Broderic,Baroch,bbarocheg@xinhuanet.com,Chevrolet,"Express 2500",2011,13254.0
522,Fedora,Iliff,filiffeh@eepurl.com,Saturn,VUE,2003,48717.0
523,Poul,Sorton,psortonei@cyberchimps.com,"Land Rover","Discovery Series II",2001,30858.0
524,Cynthea,Cammack,ccammackej@techcrunch.com,Toyota,Tercel,1995,40832.0
525,Merell,Kubas,mkubasek@homestead.com,Acura,Integra,1998,23336.0
526,Jinny,Douris,jdourisel@addthis.com,Lotus,Esprit,2002,32916.0
527,Doy,Vannar,dvannarem@icio.us,GMC,"Vandura G3500",1995,20592.0
528,Kari,Fuentez,kfuentezen@uiuc.edu,Ford,E-Series,2003,38388.0
529,Emmaline,Collingwood,ecollingwoodeo@bloglovin.com,Mercedes-Benz,CL-Class,2012,19651.0
530,Aurore,Keetch,akeetchep@loc.gov,Dodge,Durango,2000,17536.0
531,Brose,Juliano,bjulianoeq@usatoday.com,Honda,Element,2011,34212.0
532,Herschel,Sattin,hsattiner@photobucket.com,Mazda,MPV,1993,51589.0
533,Helene,Broomhead,hbroomheades@intel.com,Chevrolet,"G-Series G30",1995,3938.0
534,Nari,Heymes,nheymeset@amazonaws.com,Ford,Focus,2011,43437.0
535,Veronika,Jaye,vjayeeu@yellowpages.com,Toyota,Highlander,2006,27994.0
536,Vanya,Gudge,vgudgeev@skyrock.com,Porsche,928,1986,41980.0
537,Sondra,Tomowicz,stomowiczew@nyu.edu,GMC,"Rally Wagon G3500",1996,26597.0
538,Chester,Bowe,cboweex@paginegialle.it,Volkswagen,GTI,2003,55980.0
539,Sandie,Laurenty,slaurentyey@dell.com,Porsche,968,1994,48725.0
540,Leonerd,Rulton,lrultonez@1688.com,Lamborghini,"Murciélago",2003,47742.0
541,Ardenia,Bugge,abuggef0@webeden.co.uk,Mazda,Mazda3,2005,59020.0
542,Billy,Norker,bnorkerf1@t-online.de,Mitsubishi,Pajero,2001,56854.0
543,Gabie,Blanket,gblanketf2@aboutads.info,Audi,A6,2005,48860.0
544,Addia,Esposito,aespositof3@vkontakte.ru,Nissan,Frontier,2000,5323.0
545,Rosette,Kidstoun,rkidstounf4@nyu.edu,Honda,Prelude,1985,8186.0
546,Willyt,Perico,wpericof5@eepurl.com,Saturn,L-Series,2002,33259.0
547,Amalle,Sewley,asewleyf6@google.nl,Nissan,Xterra,2010,13359.0
548,Mindy,Coltart,mcoltartf7@theatlantic.com,Volkswagen,CC,2010,15884.0
549,Barbabas,Keningham,bkeninghamf8@netscape.com,Mitsubishi,Precis,1993,45297.0
550,Leila,Cosens,lcosensf9@virginia.edu,Toyota,RAV4,2003,58988.0
551,Gerladina,Newling,gnewlingfa@alibaba.com,Mercury,Mountaineer,2002,32321.0
552,Celestina,Merigeau,cmerigeaufb@simplemachines.org,Nissan,Titan,2012,10073.0
553,Luisa,Tanman,ltanmanfc@dyndns.org,Buick,LeSabre,1997,11048.0
554,Elvis,Anan,eananfd@quantcast.com,Chrysler,Crossfire,2007,13791.0
555,Brockie,Dionisi,bdionisife@usatoday.com,Chevrolet,"G-Series 3500",1998,44839.0
556,Vyky,Morrid,vmorridff@theatlantic.com,Toyota,Sienna,1998,53881.0
557,Lise,Vel,lvelfg@unblog.fr,Mercedes-Benz,E-Class,2001,30876.0
558,Ann-marie,Whimpenny,awhimpennyfh@artisteer.com,Dodge,Spirit,1993,8283.0
559,Lorens,Drogan,ldroganfi@mac.com,Dodge,Durango,2002,11638.0
560,Griz,Simonsson,gsimonssonfj@house.gov,Dodge,"Ram Van B150",1992,35836.0
561,Reilly,Thieme,rthiemefk@dropbox.com,GMC,Yukon,2007,26014.0
562,Marguerite,Forker,mforkerfl@apache.org,MINI,Cooper,2012,43463.0
563,Gillan,Rossant,grossantfm@blinklist.com,Mercedes-Benz,S-Class,2004,35538.0
564,Florian,Betke,fbetkefn@amazon.co.uk,Pontiac,Sunbird,1991,45687.0
565,Tudor,Biggs,tbiggsfo@sina.com.cn,Suzuki,X-90,1996,12423.0
566,Sigrid,Belliveau,sbelliveaufp@npr.org,Mitsubishi,Pajero,1991,8256.0
567,Dory,Felstead,dfelsteadfq@parallels.com,Isuzu,Rodeo,2003,14856.0
568,Ransell,Turneaux,rturneauxfr@cnbc.com,Subaru,Legacy,1998,21900.0
569,Arri,Watters,awattersfs@amazon.com,Chevrolet,Lumina,1997,4958.0
570,Madelon,Gayforth,mgayforthft@soup.io,Oldsmobile,Silhouette,1997,23957.0
571,Maressa,Hancell,mhancellfu@ovh.net,Mercedes-Benz,CLK-Class,1998,51945.0
572,Ginelle,Templeton,gtempletonfv@arstechnica.com,Infiniti,QX,2012,16158.0
573,Hamil,Kavanagh,hkavanaghfw@dyndns.org,Lexus,ES,2002,2748.0
574,Dimitry,Benzing,dbenzingfx@yellowbook.com,Dodge,"Ram Van 3500",2000,45582.0
575,Nalani,Espasa,nespasafy@about.com,Nissan,Pathfinder,2009,48145.0
576,Silvie,McAree,smcareefz@cloudflare.com,Toyota,T100,1995,18467.0
577,Genvieve,Allmen,gallmeng0@auda.org.au,Porsche,"Carrera GT",2005,51415.0
578,Anestassia,Banbridge,abanbridgeg1@reddit.com,Ford,F150,2008,47077.0
579,Gusta,Dunbar,gdunbarg2@oakley.com,Cadillac,Seville,2000,2378.0
580,Harley,Kobisch,hkobischg3@discovery.com,Buick,Century,2003,29385.0
581,Marta,Tefft,mtefftg4@gizmodo.com,Toyota,T100,1994,37043.0
582,Sibyl,Scarasbrick,sscarasbrickg5@pbs.org,"Land Rover",Freelander,2008,42090.0
583,Jeniece,Pletts,jplettsg6@github.io,Mercedes-Benz,CLK-Class,2007,26741.0
584,Davina,Mattaser,dmattaserg7@patch.com,"Land Rover",Discovery,1997,19615.0
585,Neron,Embery,nemberyg8@google.pl,Ford,Escort,2002,8816.0
586,Auberon,Bumpas,abumpasg9@oakley.com,MINI,Cooper,2008,39305.0
587,Munroe,Sheran,msheranga@unicef.org,"Land Rover","Discovery Series II",2002,53098.0
588,Sophi,Tame,stamegb@intel.com,Subaru,Impreza,2006,22892.0
589,Salaidh,Drewett,sdrewettgc@seattletimes.com,Audi,90,1995,8969.0
590,Ole,Marval,omarvalgd@g.co,Saturn,Astra,2009,28944.0
591,Pip,Mellmer,pmellmerge@usgs.gov,Lincoln,"Town Car",1985,39300.0
592,Carma,Harragin,charragingf@jiathis.com,Mercury,Mountaineer,2008,1750.0
593,Kelley,Casarini,kcasarinigg@tripadvisor.com,Mercedes-Benz,C-Class,1994,31358.0
594,Ulrick,Harlett,uharlettgh@jimdo.com,Oldsmobile,Ciera,1994,18494.0
595,Elyse,Chudleigh,echudleighgi@com.com,Suzuki,Swift,2004,15315.0
596,Tera,Quail,tquailgj@admin.ch,Dodge,"Ram 3500",1998,41874.0
597,Alfredo,Stolberg,astolberggk@dyndns.org,Pontiac,Parisienne,1985,38393.0
598,Salli,Conaghan,sconaghangl@zimbio.com,Chevrolet,Malibu,2013,41419.0
599,Cherise,Bunyard,cbunyardgm@wikipedia.org,Mitsubishi,Mirage,1995,33559.0
600,Damiano,Chaucer,dchaucergn@auda.org.au,Chevrolet,Blazer,2004,4992.0
601,Cash,Kees,ckeesgo@time.com,Pontiac,"Grand Prix",1989,33918.0
602,Serge,Titlow,stitlowgp@cbsnews.com,Dodge,Avenger,2012,15591.0
603,Bel,Ketteridge,bketteridgegq@nifty.com,Nissan,Armada,2005,27360.0
604,Tom,Castletine,tcastletinegr@last.fm,Nissan,Pathfinder,1992,55190.0
605,Shep,Warricker,swarrickergs@hubpages.com,Eagle,Summit,1993,14020.0
606,Nikaniki,Barritt,nbarrittgt@ox.ac.uk,Ford,ZX2,2001,54842.0
607,Blane,McAughtry,bmcaughtrygu@yellowpages.com,Mazda,MPV,1993,4212.0
608,Meryl,Simpkins,msimpkinsgv@miitbeian.gov.cn,Saturn,L-Series,2004,23911.0
609,Fredek,Oneil,foneilgw@wisc.edu,Mazda,626,1987,46637.0
610,Christiane,Golbourn,cgolbourngx@narod.ru,Kia,Sephia,1997,32592.0
611,Genna,Lafont,glafontgy@smugmug.com,Honda,CR-V,2002,39389.0
612,Claybourne,Varlow,cvarlowgz@hp.com,Jaguar,XJ,2008,18036.0
613,Ralph,Rudiger,rrudigerh0@gnu.org,GMC,3500,1995,41217.0
614,Jessie,Rocks,jrocksh1@jigsy.com,BMW,X5,2005,4828.0
615,Tori,Lehrle,tlehrleh2@dropbox.com,GMC,Jimmy,1994,43244.0
616,Shepard,Huckel,shuckelh3@latimes.com,Volvo,960,1995,32893.0
617,Linet,Ghidetti,lghidettih4@squarespace.com,MINI,Clubman,2008,20792.0
618,Farly,Gowenlock,fgowenlockh5@tiny.cc,Acura,RSX,2004,37773.0
620,Nola,Paik,npaikh7@jalbum.net,Dodge,"Ram 2500",1998,46882.0
621,Cele,Bausor,cbausorh8@webmd.com,GMC,"Savana 2500",1997,10391.0
622,Jackqueline,Garlette,jgarletteh9@toplist.cz,Porsche,Boxster,2010,25651.0
623,Arther,Dover,adoverha@ask.com,Pontiac,"Grand Am",1988,22704.0
624,Stesha,Bowld,sbowldhb@histats.com,Toyota,Tacoma,1995,38884.0
625,Torey,Sandey,tsandeyhc@mashable.com,Buick,Century,1999,19892.0
626,Dill,Sambedge,dsambedgehd@nhs.uk,Buick,LeSabre,2005,17471.0
627,Suzy,Crumly,scrumlyhe@netlog.com,Kia,Forte,2010,12282.0
628,Fayth,Hoggin,fhogginhf@house.gov,Jaguar,"XK Series",1997,38658.0
629,Nisse,Potticary,npotticaryhg@ifeng.com,Mitsubishi,Montero,2003,10636.0
630,Shermie,Regardsoe,sregardsoehh@admin.ch,"Land Rover",Freelander,2003,46296.0
631,Sallie,Cockson,scocksonhi@google.com.au,Volkswagen,Rabbit,2009,21214.0
632,Ardenia,Sprull,asprullhj@delicious.com,Chevrolet,"Express 2500",2012,43183.0
633,Zolly,Stormouth,zstormouthhk@pbs.org,Toyota,4Runner,1996,3520.0
634,Barbra,Hubery,bhuberyhl@google.com.br,Acura,Integra,1992,52663.0
635,Gerrilee,Guerre,gguerrehm@imageshack.us,BMW,525,2002,12183.0
637,Lorettalorna,Arnould,larnouldho@tinyurl.com,Chevrolet,Camaro,1998,53031.0
638,Obed,"O' Hanvey",oohanveyhp@sfgate.com,Lexus,"RX Hybrid",2011,38322.0
639,Kellen,Dangerfield,kdangerfieldhq@slate.com,Buick,Electra,1986,54364.0
640,Camel,Bradder,cbradderhr@furl.net,Toyota,Camry,2004,37007.0
641,Shepherd,Bulfield,sbulfieldhs@netscape.com,Audi,A6,2001,57451.0
642,Stormi,Thew,sthewht@wikia.com,Kia,Sephia,1994,41311.0
643,Cheri,Geard,cgeardhu@cisco.com,Mercedes-Benz,"SLR McLaren",2005,3627.0
644,Jayme,Jauncey,jjaunceyhv@fema.gov,Lincoln,"Town Car",1985,55119.0
646,Englebert,Cowsby,ecowsbyhx@cloudflare.com,Volkswagen,Golf,1991,10313.0
647,Dieter,Daveren,ddaverenhy@xrea.com,Volvo,V50,2009,17261.0
648,Liana,Milleton,lmilletonhz@cpanel.net,Cadillac,Eldorado,1999,43874.0
649,Alli,Hamlett,ahamletti0@dion.ne.jp,Jeep,"Grand Cherokee",1995,2201.0
650,Mercy,Carney,mcarneyi1@parallels.com,GMC,"Sierra 3500",2011,23985.0
651,Lindi,Knighton,lknightoni2@comcast.net,Chevrolet,"Express 2500",2006,39067.0
652,Steve,Rogerot,srogeroti3@naver.com,Toyota,Camry,2007,58.0
653,Boone,McCard,bmccardi4@1und1.de,Mitsubishi,GTO,1990,23733.0
654,Pansie,Boydon,pboydoni5@nba.com,Toyota,Avalon,2010,2879.0
656,Tamarra,Schutze,tschutzei7@devhub.com,BMW,Z4,2006,59348.0
657,Alberto,Bramwell,abramwelli8@sciencedaily.com,Ford,F350,2002,2160.0
658,Hobard,Devons,hdevonsi9@comsenz.com,Nissan,Sentra,2005,53076.0
659,Ronica,Ridolfo,rridolfoia@blog.com,Nissan,Altima,2010,20386.0
660,Nerte,Cleugher,ncleugherib@livejournal.com,Lotus,Exige,2012,19937.0
661,Hoebart,"De Hooch",hdehoochic@naver.com,Audi,A6,1999,1215.0
662,Devan,Denniss,ddennissid@mapy.cz,Subaru,Loyale,1994,21380.0
663,Dore,Bernardes,dbernardesie@purevolume.com,Pontiac,Vibe,2006,48519.0
664,Jeth,Rasell,jrasellif@europa.eu,Jeep,Comanche,1992,41179.0
665,Ailsun,Girth,agirthig@nps.gov,Audi,"Coupe GT",1985,44021.0
666,Jim,Sparsholt,jsparsholtih@myspace.com,Dodge,"Dakota Club",1992,7450.0
667,Darsie,Manders,dmandersii@cam.ac.uk,Mercury,Milan,2006,6065.0
668,Leandra,Hewins,lhewinsij@issuu.com,BMW,M3,2005,28199.0
669,Chrissie,Carruthers,ccarruthersik@walmart.com,Subaru,Legacy,2004,56267.0
670,Cazzie,Maben,cmabenil@elpais.com,Subaru,Legacy,1996,41945.0
671,Shirleen,Prestige,sprestigeim@yahoo.com,Chevrolet,Corvette,1972,6665.0
672,Adoree,Wibrew,awibrewin@squarespace.com,Mercedes-Benz,500SL,1992,59337.0
673,Raphael,Faherty,rfahertyio@narod.ru,Mazda,929,1991,245.0
674,Idell,Canero,icaneroip@si.edu,Oldsmobile,"Cutlass Supreme",1992,34729.0
675,Lotti,Cromley,lcromleyiq@comsenz.com,Mitsubishi,"Lancer Evolution",2008,31155.0
676,Laural,Brodway,lbrodwayir@cbsnews.com,Ford,"Taurus X",2008,39260.0
677,Ryun,Sempill,rsempillis@yellowbook.com,Jeep,"Grand Cherokee",2001,2410.0
678,Spencer,Stickney,sstickneyit@goodreads.com,Mazda,929,1989,37023.0
679,Ailis,Elphinston,aelphinstoniu@g.co,Chevrolet,Impala,2003,16577.0
680,Gustavus,Rackham,grackhamiv@utexas.edu,BMW,"7 Series",1997,48368.0
681,Anders,Cottom,acottomiw@upenn.edu,Subaru,Justy,1988,48149.0
683,Gibbie,Sever,gseveriy@google.ru,Acura,RL,2009,46783.0
684,Aeriel,Coyett,acoyettiz@ox.ac.uk,Ford,F-Series,2001,26823.0
685,Perle,Wrotham,pwrothamj0@4shared.com,Pontiac,"Grand Am",1997,54960.0
686,Ennis,Lomb,elombj1@blogs.com,Honda,Civic,1994,8401.0
687,Gardner,Durrand,gdurrandj2@ucsd.edu,Subaru,Tribeca,2009,33637.0
688,Alexandro,Point,apointj3@reverbnation.com,Chevrolet,2500,2000,27554.0
690,Tynan,Condit,tconditj5@usatoday.com,Toyota,Matrix,2012,20313.0
691,Rosco,Trotman,rtrotmanj6@skyrock.com,Ford,F150,2001,1274.0
692,Fayette,Cadreman,fcadremanj7@nationalgeographic.com,Kia,Sedona,2002,57881.0
693,Neal,Harrie,nharriej8@examiner.com,Suzuki,Verona,2006,53895.0
694,Lilla,Bloxam,lbloxamj9@sciencedaily.com,Pontiac,Sunfire,2000,35844.0
695,May,Pischel,mpischelja@nbcnews.com,Suzuki,XL-7,2006,14992.0
696,Edmon,Kinnach,ekinnachjb@pinterest.com,"Land Rover",LR3,2006,42334.0
697,Nial,Cottier,ncottierjc@europa.eu,Mercedes-Benz,S-Class,2003,13944.0
698,Dinnie,McClarence,dmcclarencejd@hp.com,Toyota,Camry,1992,29107.0
699,Gabriello,Morrad,gmorradje@dot.gov,GMC,Canyon,2011,54145.0
700,Fergus,Itzakovitz,fitzakovitzjf@naver.com,Mercedes-Benz,S-Class,1997,45801.0
701,Putnam,Walcot,pwalcotjg@biglobe.ne.jp,Oldsmobile,Bravada,2004,11849.0
702,Hettie,Godmar,hgodmarjh@e-recht24.de,Volkswagen,Jetta,2007,7410.0
703,Silva,Artis,sartisji@discovery.com,Dodge,D250,1992,31031.0
705,Nadine,"Di Giacomettino",ndigiacomettinojk@ca.gov,Mazda,CX-7,2009,3320.0
706,Janel,Adriani,jadrianijl@dion.ne.jp,Ford,Edge,2010,12645.0
708,Doroteya,Bernardi,dbernardijn@reddit.com,Pontiac,"Grand Am",1987,7668.0
709,Constantino,Simkovich,csimkovichjo@nhs.uk,Eagle,Talon,1993,49426.0
710,Charline,Andresser,candresserjp@comsenz.com,BMW,645,2004,43452.0
711,Klarrisa,Sawford,ksawfordjq@discovery.com,Hyundai,Entourage,2008,56128.0
713,Kalila,"Von Brook",kvonbrookjs@drupal.org,Buick,Century,1995,20622.0
714,Patsy,Willbraham,pwillbrahamjt@google.co.jp,GMC,"Yukon XL 2500",2005,38641.0
715,Geoffry,Elgar,gelgarju@europa.eu,Mitsubishi,RVR,1994,34751.0
716,Willa,Dulake,wdulakejv@dropbox.com,Pontiac,Firefly,1988,23392.0
717,Carena,Mattia,cmattiajw@tiny.cc,GMC,"1500 Club Coupe",1996,54239.0
718,Carlita,Chislett,cchislettjx@dmoz.org,Chevrolet,"G-Series G10",1993,16487.0
719,Carolina,Candy,ccandyjy@github.com,Suzuki,XL7,2008,44398.0
720,Angy,"Van Geffen",avangeffenjz@sfgate.com,Honda,S2000,2005,46170.0
721,Aprilette,Stockoe,astockoek0@gov.uk,Subaru,Impreza,2004,30811.0
722,Cyrillus,Aizikovitch,caizikovitchk1@howstuffworks.com,GMC,EV1,1999,15105.0
723,Darrel,Genthner,dgenthnerk2@newyorker.com,Ford,Freestyle,2007,32981.0
724,Cherey,McArte,cmcartek3@ucoz.com,Pontiac,Safari,1989,10886.0
725,Debbie,Cattlow,dcattlowk4@abc.net.au,Ford,Explorer,2010,42823.0
726,Siouxie,Werndley,swerndleyk5@gizmodo.com,Infiniti,Q,1994,46338.0
727,Evangelina,Laybourn,elaybournk6@paypal.com,Chevrolet,Caprice,1995,40303.0
728,Geri,Joscelin,gjoscelink7@wiley.com,Volvo,C30,2008,23822.0
729,Helene,Jagiela,hjagielak8@wix.com,Dodge,"Grand Caravan",2011,49953.0
730,Pepe,Iaduccelli,piaduccellik9@economist.com,Pontiac,"Grand Prix",1966,30556.0
731,Karalee,Tolemache,ktolemacheka@webmd.com,Mercedes-Benz,E-Class,1990,33293.0
732,Joly,Southard,jsouthardkb@ifeng.com,BMW,"6 Series",2010,24375.0
733,Trudie,Toquet,ttoquetkc@xing.com,Chevrolet,Camaro,1981,40358.0
734,Frannie,Regan,fregankd@businessinsider.com,Volkswagen,Golf,2002,14808.0
735,Aloise,Mosdell,amosdellke@plala.or.jp,BMW,Z8,2001,59054.0
736,Chucho,Lorkings,clorkingskf@slashdot.org,Infiniti,QX,2011,9890.0
737,Simone,Belchambers,sbelchamberskg@bing.com,Smart,Fortwo,2010,10.0
738,Reuben,Ebbings,rebbingskh@howstuffworks.com,Saab,900,1992,44534.0
739,Thaddus,Riquet,triquetki@imgur.com,Chevrolet,Cavalier,2000,53299.0
740,Jocko,Healing,jhealingkj@irs.gov,Lincoln,Continental,2002,40384.0
741,Conan,Jans,cjanskk@bbc.co.uk,Mazda,B-Series,1986,37728.0
742,Michal,Battson,mbattsonkl@si.edu,Saab,9-5,2006,14922.0
743,Walt,Hodges,whodgeskm@oaic.gov.au,Chevrolet,"Express 2500",2002,20060.0
744,Kalina,Scroggins,kscrogginskn@fema.gov,Chevrolet,"Silverado 1500",2005,1604.0
745,Ingamar,Buckoke,ibuckokeko@dailymail.co.uk,Ford,"Expedition EL",2011,28369.0
746,Bordy,Stroton,bstrotonkp@ycombinator.com,BMW,"8 Series",1994,30797.0
747,Valentine,Scotchmer,vscotchmerkq@usatoday.com,Mercury,Cougar,1968,40604.0
749,Max,Halfhead,mhalfheadks@php.net,Hummer,H1,1993,16881.0
750,Vivi,Ilyushkin,vilyushkinkt@scribd.com,Eagle,Talon,1992,17166.0
751,Katie,Glasman,kglasmanku@mozilla.org,Acura,SLX,1999,47950.0
752,Noel,Danelut,ndanelutkv@webnode.com,Mercedes-Benz,CL-Class,2007,9765.0
753,Glynnis,Tee,gteekw@hhs.gov,Volvo,S80,2011,38695.0
754,Jarrad,Oneal,jonealkx@nsw.gov.au,Suzuki,SJ,1986,30799.0
755,Wait,Biddles,wbiddlesky@cdc.gov,Jeep,Liberty,2009,44389.0
756,Marla,Yerrall,myerrallkz@sun.com,Toyota,Tacoma,1997,3822.0
757,Constantia,Shortell,cshortelll0@earthlink.net,Ford,F250,2002,33599.0
758,Vivienne,Fendley,vfendleyl1@rambler.ru,Chevrolet,Silverado,2001,34060.0
759,Ashlin,Spivie,aspiviel2@elegantthemes.com,Isuzu,Ascender,2006,16610.0
760,Marja,Riccioppo,mriccioppol3@icio.us,Ford,"C-MAX Hybrid",2013,18352.0
761,Lorna,Yoseloff,lyoseloffl4@ihg.com,Plymouth,"Colt Vista",1993,53105.0
762,Jeffrey,Fairebrother,jfairebrotherl5@google.com,Isuzu,Axiom,2003,43121.0
763,Lorettalorna,Lawey,llaweyl6@ifeng.com,Audi,5000CS,1988,20649.0
764,Lewes,Lillecrap,llillecrapl7@uiuc.edu,Dodge,"D150 Club",1993,44139.0
765,Loreen,Fellgate,lfellgatel8@cafepress.com,Chevrolet,Colorado,2012,23585.0
766,Joyann,Thorneywork,jthorneyworkl9@multiply.com,Suzuki,Reno,2005,26606.0
767,Cthrine,Spottiswoode,cspottiswoodela@taobao.com,Toyota,Sequoia,2012,49953.0
768,Vannie,Pachmann,vpachmannlb@archive.org,Porsche,968,1992,41266.0
769,Ashlee,Lowbridge,alowbridgelc@paypal.com,Pontiac,"Firebird Formula",1999,54373.0
770,Burg,Clampin,bclampinld@economist.com,Volkswagen,Passat,2003,48166.0
771,Carmon,Dellenbroker,cdellenbrokerle@mit.edu,BMW,M3,2004,1567.0
772,Carolee,Garfit,cgarfitlf@e-recht24.de,Chrysler,Sebring,2005,46748.0
773,Vlad,Springall,vspringalllg@upenn.edu,Kia,Sportage,2006,51172.0
774,Binny,Sidnall,bsidnalllh@youtu.be,Infiniti,EX,2009,13908.0
775,Samuel,Ales,salesli@yolasite.com,Lincoln,MKZ,2009,53786.0
776,Jaquelin,Hannaford,jhannafordlj@uol.com.br,Pontiac,Montana,1999,8668.0
777,Shirleen,Eyles,seyleslk@economist.com,Volkswagen,CC,2010,38425.0
778,Gwenny,Coatts,gcoattsll@marketwatch.com,GMC,Yukon,2005,39348.0
779,Cassandre,Marrow,cmarrowlm@quantcast.com,Volvo,850,1995,15411.0
780,Constantin,Deboick,cdeboickln@uol.com.br,Buick,Regal,2004,12858.0
781,Benedikt,Nickless,bnicklesslo@tumblr.com,Kia,Optima,2001,40761.0
782,Roley,Zamora,rzamoralp@a8.net,Toyota,Sienna,2012,10585.0
783,Godwin,Boller,gbollerlq@wikia.com,Toyota,"Tacoma Xtra",1999,13142.0
785,Pollyanna,Richter,prichterls@fda.gov,Subaru,Brat,1984,46238.0
786,Oneida,Ghost,oghostlt@icio.us,Dodge,Avenger,2009,8561.0
787,Isak,Pharaoh,ipharaohlu@pcworld.com,Mitsubishi,Montero,2004,37843.0
788,Krishnah,Noquet,knoquetlv@dagondesign.com,BMW,"X5 M",2010,22037.0
791,Phylys,Romera,promeraly@tmall.com,BMW,Z3,2000,21903.0
792,Netti,Coady,ncoadylz@aboutads.info,Mitsubishi,Galant,2002,51871.0
793,Jayme,Basler,jbaslerm0@google.ru,Chevrolet,Corvette,2003,2618.0
794,Ruby,Molloy,rmolloym1@msu.edu,Mitsubishi,Diamante,2003,56667.0
795,Morna,Huie,mhuiem2@adobe.com,Mitsubishi,Tredia,1988,39774.0
796,Koralle,Devall,kdevallm3@csmonitor.com,Hyundai,"Genesis Coupe",2011,33696.0
797,Heidi,Beagley,hbeagleym4@skyrock.com,Infiniti,QX56,2007,5430.0
798,Eirena,Jeannet,ejeannetm5@latimes.com,Toyota,4Runner,2006,38125.0
799,Tara,Heyfield,theyfieldm6@oaic.gov.au,Volkswagen,GTI,1992,55546.0
800,Gray,McWaters,gmcwatersm7@jalbum.net,Chevrolet,Silverado,2002,6204.0
801,Geri,Pindell,gpindellm8@hexun.com,Acura,TL,2008,38472.0
802,Cory,McKague,cmckaguem9@surveymonkey.com,BMW,M5,1992,13483.0
803,Port,Kave,pkavema@fc2.com,Hyundai,Sonata,2005,13168.0
804,Daren,McHarry,dmcharrymb@cocolog-nifty.com,Ford,"Explorer Sport Trac",2008,582.0
806,Daloris,Vasser,dvassermd@twitter.com,Isuzu,i-290,2008,6602.0
807,Reynold,Byron,rbyronme@nhs.uk,GMC,"Yukon XL 2500",2000,10538.0
808,Adamo,Gambell,agambellmf@spotify.com,Dodge,Ram,2009,41055.0
809,Zenia,Poyntz,zpoyntzmg@wisc.edu,GMC,"Yukon XL 1500",2011,19185.0
810,Rois,Turbayne,rturbaynemh@parallels.com,Toyota,4Runner,2002,34365.0
811,Deedee,Gerty,dgertymi@usnews.com,Chevrolet,Malibu,1998,15857.0
812,Dare,Darter,ddartermj@quantcast.com,GMC,Safari,1999,50396.0
813,Clive,Snasdell,csnasdellmk@bbb.org,Infiniti,I,2003,38900.0
814,Sarge,Rabbatts,srabbattsml@microsoft.com,Dodge,"Ram 1500",1997,7110.0
815,Rip,Nickell,rnickellmm@umich.edu,Cadillac,Eldorado,1993,36485.0
816,Doro,McCool,dmccoolmn@cocolog-nifty.com,Jeep,Wrangler,1998,31209.0
817,Sheri,Morrant,smorrantmo@sun.com,Dodge,"Ram 3500 Club",1996,598.0
818,Susan,Abrahamoff,sabrahamoffmp@drupal.org,Jeep,"Grand Cherokee",2011,38834.0
819,Florence,Lukianovich,flukianovichmq@twitter.com,Mazda,MPV,2001,59485.0
820,Thatch,Menichino,tmenichinomr@wix.com,Oldsmobile,Cutlass,1998,45471.0
821,Jere,Roakes,jroakesms@posterous.com,Chevrolet,"Express 2500",1999,19702.0
822,Lilah,Duckworth,lduckworthmt@spotify.com,Porsche,944,1986,8590.0
823,Sabrina,Effnert,seffnertmu@xinhuanet.com,Oldsmobile,Aurora,2003,13136.0
824,Nathalia,Shellibeer,nshellibeermv@apache.org,Maserati,Quattroporte,2007,37060.0
825,Tabatha,Berkery,tberkerymw@nifty.com,MINI,"Cooper Clubman",2011,30826.0
826,Lem,Eckersall,leckersallmx@wikipedia.org,Dodge,Ram,2008,54911.0
828,Avrit,Kilgour,akilgourmz@blogtalkradio.com,Lexus,LS,2010,41007.0
829,Christoforo,Neylan,cneylann0@sciencedaily.com,Mazda,B-Series,2000,38055.0
830,Jerrylee,Lorence,jlorencen1@mysql.com,Pontiac,Sunbird,1985,59913.0
831,Trina,Crosser,tcrossern2@ca.gov,Toyota,Xtra,1994,18580.0
832,Tiffy,Pozer,tpozern3@newsvine.com,Mazda,CX-9,2007,5104.0
833,Cedric,Rosenfrucht,crosenfruchtn4@php.net,Pontiac,"Grand Prix",1989,57700.0
834,Nannette,Bealing,nbealingn5@qq.com,Audi,A8,2011,12203.0
835,Noellyn,Caffin,ncaffinn6@admin.ch,Plymouth,Breeze,1996,23289.0
836,Dolli,Rizziello,drizziellon7@tinyurl.com,Saturn,S-Series,2001,51109.0
837,Barbara,Yorke,byorken8@thetimes.co.uk,BMW,M3,2002,35132.0
838,Jaimie,Crim,jcrimn9@state.gov,Subaru,Forester,2008,19916.0
839,Armando,Szymanowicz,aszymanowiczna@com.com,Pontiac,"Grand Am",1987,54880.0
840,Maxwell,Gabriel,mgabrielnb@wikia.com,Dodge,"Ram 1500",2008,9633.0
841,Coletta,Bente,cbentenc@chron.com,Kia,Rio,2013,4469.0
842,Ingrid,Briggdale,ibriggdalend@mysql.com,Volvo,960,1994,6793.0
844,Mike,Vautier,mvautiernf@simplemachines.org,Mercedes-Benz,W201,1986,10314.0
845,Sayre,Gheraldi,sgheralding@arizona.edu,Infiniti,I,2001,55346.0
846,Roobbie,Clerk,rclerknh@squarespace.com,Volkswagen,Jetta,2000,25419.0
847,Abby,"Von Der Empten",avonderemptenni@topsy.com,GMC,Envoy,1999,9404.0
848,Linn,Vaudre,lvaudrenj@si.edu,Audi,5000S,1986,29927.0
849,Dionisio,Ellin,dellinnk@lulu.com,Ford,Ranger,2001,24219.0
850,Chrissy,Ruperto,crupertonl@eepurl.com,MINI,Cooper,2008,55351.0
851,Sayre,Hessenthaler,shessenthalernm@pagesperso-orange.fr,Cadillac,Allante,1993,7391.0
852,Leontine,Yaus,lyausnn@taobao.com,Toyota,"Prius Plug-in",2012,11224.0
853,Florence,Joburn,fjoburnno@wunderground.com,Mercedes-Benz,CLS-Class,2011,33156.0
854,Juliane,Hallitt,jhallittnp@moonfruit.com,Dodge,Intrepid,2004,13342.0
855,Elisha,Mendonca,emendoncanq@ask.com,Lincoln,"Navigator L",2010,8305.0
856,Joyann,Carrivick,jcarrivicknr@earthlink.net,Ferrari,"430 Scuderia",2008,59901.0
857,Mano,Willison,mwillisonns@eventbrite.com,Spyker,"C8 Laviolette",2004,19256.0
858,Shayna,Eardley,seardleynt@telegraph.co.uk,BMW,Z4,2003,3914.0
859,Nichole,Wedmore.,nwedmorenu@digg.com,Nissan,280ZX,1979,18658.0
860,Kienan,Linder,klindernv@zimbio.com,Hyundai,Accent,2013,40203.0
861,Constantina,Cockburn,ccockburnnw@washington.edu,Mazda,626,2002,37137.0
862,Valentijn,Adran,vadrannx@weibo.com,Geo,Metro,1992,112.0
863,Dusty,Georgot,dgeorgotny@zimbio.com,Volkswagen,"New Beetle",2004,23952.0
864,Ham,Spellward,hspellwardnz@histats.com,Ford,Taurus,2008,23939.0
866,Cammie,Jeffree,cjeffreeo1@cpanel.net,Jaguar,S-Type,2004,47684.0
867,Cristie,Labadini,clabadinio2@oakley.com,Lexus,HS,2010,59929.0
868,Heinrik,Saddington,hsaddingtono3@tmall.com,Suzuki,Verona,2006,17431.0
869,Flossy,Cawston,fcawstono4@quantcast.com,Ford,Focus,2012,36784.0
870,Nathan,Arnoud,narnoudo5@friendfeed.com,Lamborghini,Diablo,1998,49484.0
871,Giacobo,Pescud,gpescudo6@unblog.fr,Buick,Rainier,2007,32738.0
872,Fredrika,Chugg,fchuggo7@over-blog.com,"Land Rover","Range Rover",2005,46421.0
873,Valaria,Smees,vsmeeso8@github.com,Fiat,500,2012,56839.0
874,Thacher,Churchward,tchurchwardo9@weebly.com,Dodge,"Ram 3500",2002,46403.0
875,Thadeus,Pedron,tpedronoa@epa.gov,Mercedes-Benz,E-Class,1984,37524.0
876,Belva,Paffitt,bpaffittob@washington.edu,GMC,"Rally Wagon 1500",1993,22644.0
877,Dix,Liversage,dliversageoc@wiley.com,Toyota,Tacoma,2006,24292.0
878,Warren,Hankinson,whankinsonod@uol.com.br,Ford,"Expedition EL",2009,1878.0
879,Tomas,Andrault,tandraultoe@theguardian.com,Acura,Integra,1999,31036.0
880,Clio,Corcoran,ccorcoranof@washington.edu,Ford,"C-MAX Hybrid",2013,2854.0
881,Kelcy,Churchard,kchurchardog@moonfruit.com,Ford,"Explorer Sport Trac",2007,30845.0
882,Matilde,Hendrickson,mhendricksonoh@cdc.gov,Cadillac,CTS,2003,52321.0
883,Bethanne,Sumpter,bsumpteroi@creativecommons.org,GMC,"Savana 3500",1996,26829.0
884,Ingrid,Climance,iclimanceoj@fastcompany.com,Volkswagen,Passat,1998,8203.0
885,Any,Bernaldez,abernaldezok@state.tx.us,Toyota,T100,1996,57957.0
886,Desiree,Vondrys,dvondrysol@comcast.net,Mitsubishi,3000GT,1996,42620.0
887,Salomi,Brabon,sbrabonom@seattletimes.com,Toyota,Echo,2005,6183.0
888,Janith,Medwell,jmedwellon@jiathis.com,Mercury,Mountaineer,2008,20471.0
889,Giacinta,Tootell,gtootelloo@gmpg.org,Infiniti,G,2007,1030.0
890,Horace,Davydzenko,hdavydzenkoop@ebay.com,Mazda,Mazda5,2006,58893.0
891,Matelda,Orth,morthoq@archive.org,Volkswagen,Passat,1988,57287.0
892,Wheeler,Sangra,wsangraor@unesco.org,Cadillac,SRX,2012,46980.0
893,Joey,Bielfelt,jbielfeltos@deliciousdays.com,Hyundai,Elantra,2005,10286.0
894,Silvia,Bridell,sbridellot@sciencedirect.com,Hyundai,Elantra,2010,52737.0
895,Melissa,Heball,mheballou@macromedia.com,Chevrolet,Camaro,2000,34457.0
896,Eward,Bucknill,ebucknillov@cargocollective.com,Mazda,"Mazdaspeed 3",2010,32510.0
897,Schuyler,McGeachy,smcgeachyow@shop-pro.jp,Mercury,Sable,2002,40748.0
898,Fax,Winsbury,fwinsburyox@blogtalkradio.com,Chevrolet,Blazer,1998,43874.0
899,Bertie,Gipps,bgippsoy@ovh.net,Chevrolet,Corvair,1960,26118.0
900,Willi,Lindeboom,wlindeboomoz@moonfruit.com,Mercedes-Benz,CLK-Class,2000,1210.0
901,Mahala,Graver,mgraverp0@360.cn,Ford,"Expedition EL",2007,25078.0
902,Anastasia,Nutbeem,anutbeemp1@vk.com,Lotus,Esprit,1985,13711.0
903,Lisette,Rookwell,lrookwellp2@toplist.cz,BMW,"X6 M",2013,23277.0
904,Ann,Lipscombe,alipscombep3@ted.com,Lamborghini,"Murciélago",2002,41662.0
905,Monti,Grene,mgrenep4@typepad.com,Infiniti,"IPL G",2012,39350.0
906,Bobbe,Sames,bsamesp5@forbes.com,Acura,MDX,2011,36343.0
907,Julieta,Killelea,jkilleleap6@pcworld.com,Nissan,200SX,1996,56516.0
908,Park,Duffell,pduffellp7@bigcartel.com,Volvo,S80,2006,26093.0
909,Ev,Kilday,ekildayp8@webnode.com,BMW,"7 Series",2000,11598.0
910,Edith,Nasey,enaseyp9@weather.com,Chrysler,"Town & Country",1999,9402.0
911,Clywd,Kyncl,ckynclpa@google.cn,Hyundai,Azera,2008,9356.0
912,Melody,Hadkins,mhadkinspb@deviantart.com,Pontiac,Montana,2006,41222.0
913,Fairfax,Milby,fmilbypc@histats.com,Volvo,V40,2003,14962.0
914,Cookie,MacGruer,cmacgruerpd@state.tx.us,Mercedes-Benz,GL-Class,2009,35290.0
915,Cedric,Quigg,cquiggpe@barnesandnoble.com,Plymouth,"Grand Voyager",1992,3712.0
916,Tabbie,Demetr,tdemetrpf@godaddy.com,Audi,TT,2009,28746.0
917,Adamo,Hodgin,ahodginpg@telegraph.co.uk,Toyota,"Tacoma Xtra",2001,15918.0
918,Agnola,Elegood,aelegoodph@studiopress.com,Mercedes-Benz,CLK-Class,2009,52481.0
919,Dall,Trimme,dtrimmepi@state.gov,GMC,"Yukon XL 2500",2011,3013.0
920,Rochette,Jerson,rjersonpj@addthis.com,Honda,Prelude,1984,21711.0
921,Gualterio,Floyd,gfloydpk@sitemeter.com,Hummer,H1,2001,21922.0
922,Zedekiah,Gippes,zgippespl@squidoo.com,"Land Rover","Range Rover",2001,28570.0
923,Junette,Stannah,jstannahpm@twitter.com,Toyota,4Runner,2008,25276.0
925,Nataniel,Drinnan,ndrinnanpo@state.gov,Saturn,VUE,2004,31399.0
926,Randolf,Gebby,rgebbypp@miibeian.gov.cn,Chevrolet,"Silverado 2500",2003,27867.0
927,Chrissy,Edwicker,cedwickerpq@bing.com,Smart,Fortwo,2010,52825.0
928,Audie,Grog,agrogpr@pagesperso-orange.fr,Chevrolet,2500,2000,25060.0
929,Silvio,Crickmore,scrickmoreps@tamu.edu,Toyota,"Tacoma Xtra",1998,21516.0
930,Ophelie,Tatton,otattonpt@foxnews.com,Chevrolet,"Silverado 3500",2006,36608.0
931,Bartel,Slogrove,bslogrovepu@auda.org.au,Toyota,"Land Cruiser",1998,32453.0
932,Pearle,Huelin,phuelinpv@ifeng.com,GMC,"3500 Club Coupe",1996,15278.0
933,Millard,Mansour,mmansourpw@163.com,Nissan,Xterra,2007,34025.0
934,Beckie,Stribling,bstriblingpx@elpais.com,Mitsubishi,Outlander,2011,378.0
935,Gavrielle,Tregidga,gtregidgapy@weebly.com,Mazda,Millenia,1997,20193.0
936,Berte,Coode,bcoodepz@twitter.com,Toyota,"Land Cruiser",2007,34086.0
937,Gizela,Coupar,gcouparq0@foxnews.com,Mercedes-Benz,G-Class,2003,41846.0
938,Rosamund,Grover,rgroverq1@pcworld.com,Ford,"Explorer Sport Trac",2005,35731.0
939,Giuditta,Luckey,gluckeyq2@wordpress.org,"Land Rover","Range Rover",1991,54462.0
940,Astrid,Sangwin,asangwinq3@taobao.com,Oldsmobile,Achieva,1994,51758.0
941,Diarmid,Tugwell,dtugwellq4@comsenz.com,Toyota,"Land Cruiser",2005,53370.0
942,Granthem,Simonsen,gsimonsenq5@usda.gov,Isuzu,i-Series,2008,33236.0
943,Gorden,Oloshkin,goloshkinq6@va.gov,Pontiac,"Grand Prix",1983,22712.0
944,Merell,Deetch,mdeetchq7@altervista.org,Chrysler,Cirrus,1999,39017.0
945,Belvia,Worlock,bworlockq8@moonfruit.com,Acura,Legend,1992,45896.0
946,Janelle,Kollach,jkollachq9@deviantart.com,Isuzu,Ascender,2007,57554.0
947,Saleem,Eyckelberg,seyckelbergqa@google.fr,Mazda,929,1989,18120.0
948,Israel,Goodhew,igoodhewqb@aboutads.info,"Land Rover","Range Rover",2008,24737.0
949,Lauraine,Tibalt,ltibaltqc@salon.com,Ferrari,"612 Scaglietti",2008,7723.0
951,Powell,"O' Markey",pomarkeyqe@altervista.org,Volkswagen,Passat,2004,11090.0
952,Reinaldos,Bernette,rbernetteqf@census.gov,Toyota,Tundra,2002,1338.0
953,Conny,Pecha,cpechaqg@washington.edu,Saab,900,1986,38670.0
954,Winne,Mordaunt,wmordauntqh@lulu.com,Buick,Somerset,1985,8658.0
955,Nanine,Hinckesman,nhinckesmanqi@photobucket.com,Infiniti,FX,2006,31555.0
956,Willey,Dodamead,wdodameadqj@discovery.com,Audi,4000s,1986,18089.0
957,Anna-maria,Gatesman,agatesmanqk@blinklist.com,Mercury,Sable,1988,39019.0
958,Daryn,McTavish,dmctavishql@cargocollective.com,Mazda,B-Series,2000,43855.0
959,Stephana,Greim,sgreimqm@senate.gov,"Aston Martin",DB9,2012,32320.0
960,Lisetta,Lummasana,llummasanaqn@dagondesign.com,Volvo,C70,2013,43013.0
961,Bertie,Radolf,bradolfqo@last.fm,Infiniti,EX,2011,21303.0
962,Hussein,Baignard,hbaignardqp@who.int,Mitsubishi,3000GT,1993,8465.0
963,Kikelia,Armsby,karmsbyqq@reuters.com,Volkswagen,Eos,2008,26369.0
964,Louise,Saker,lsakerqr@baidu.com,Mitsubishi,Lancer,2009,26180.0
965,Gustavus,Fosher,gfosherqs@boston.com,Mercedes-Benz,SL-Class,2002,30595.0
966,Janey,Kneal,jknealqt@seattletimes.com,Isuzu,Oasis,1996,17610.0
967,Ashia,Stenners,astennersqu@ft.com,GMC,"Savana 1500",2003,49669.0
968,Tobye,Wixon,twixonqv@hugedomains.com,Chevrolet,Corvette,1992,27794.0
969,Alphonse,Coaten,acoatenqw@freewebs.com,Mitsubishi,Pajero,1985,32104.0
970,Estella,Croce,ecroceqx@walmart.com,Spyker,C8,2006,53171.0
971,Fern,Beran,fberanqy@g.co,Acura,TSX,2011,18824.0
972,Allison,Gascoigne,agascoigneqz@comcast.net,Volkswagen,Corrado,1990,53173.0
973,Heda,Broke,hbroker0@about.com,Volkswagen,Phaeton,2004,49726.0
974,Rip,Cameli,rcamelir1@altervista.org,Toyota,Solara,1999,38622.0
975,Arielle,Chapelle,achapeller2@java.com,Hyundai,Elantra,2000,11051.0
976,Dicky,Gilleson,dgillesonr3@engadget.com,Mercury,Cougar,1999,43591.0
977,Valeria,Tickel,vtickelr4@free.fr,Honda,Passport,2000,42356.0
978,Leola,Dwine,ldwiner5@github.io,Toyota,"Land Cruiser",2004,49921.0
980,Kane,Hickinbottom,khickinbottomr7@wunderground.com,Mazda,MX-5,2007,42178.0
981,Helge,Kubala,hkubalar8@cbslocal.com,BMW,X6,2010,59831.0
982,Garik,Whiteoak,gwhiteoakr9@latimes.com,Volkswagen,Cabriolet,1995,51733.0
983,Caryl,Rizon,crizonra@multiply.com,Volkswagen,Touareg,2007,15610.0
984,Shayla,Colclough,scolcloughrb@census.gov,Porsche,911,1999,15551.0
985,Daryl,Kelsall,dkelsallrc@google.it,Mitsubishi,Lancer,2009,13884.0
987,Brook,Tole,btolere@aboutads.info,Ford,Mustang,2010,8017.0
988,Robert,Murdoch,rmurdochrf@google.es,Mitsubishi,"Mighty Max Macro",1994,20319.0
990,Haslett,Polglase,hpolglaserh@webnode.com,Bentley,Brooklands,2009,19101.0
991,Carlita,Crole,ccroleri@mail.ru,Cadillac,Fleetwood,1995,21488.0
992,Benedicta,Copello,bcopellorj@google.com.br,Saab,900,1991,4988.0
993,Eddy,Osmant,eosmantrk@house.gov,Saturn,VUE,2002,6463.0
994,Hansiain,Sapson,hsapsonrl@adobe.com,Mitsubishi,Challenger,1999,58481.0
995,Sydney,Grinyer,sgrinyerrm@artisteer.com,GMC,"Suburban 2500",1997,35713.0
996,Johannes,Theriot,jtheriotrn@vimeo.com,GMC,"Yukon XL 1500",2006,11003.0
997,Tore,Vizard,tvizardro@salon.com,Smart,Fortwo,2009,21734.0
998,Armin,Arangy,aarangyrp@sourceforge.net,Mitsubishi,Challenger,2002,32607.0
999,Ingeberg,Stede,istederq@domainmarket.com,Infiniti,QX,1997,44757.0
1000,Sylvia,Coton,scotonrr@thetimes.co.uk,Chevrolet,3500,1997,26258.0
